input,target
Lolo,Hot
‡§≤‡•ã‡§≤‡•ã,·±û·±ö·±û·±ö
Lolo,·±û·±ö·±û·±ö
Lolo,‡§≤‡•ã‡§≤‡•ã
·±û·±ö·±û·±ö,Hot
Chilka tam?,How are you?
‡§ö‡§ø‡§≤‡•ç‡§ï‡§æ ‡§§‡§Æ?,·±™·±§·±û·±†·±ü ·±õ·±ü·±¢?
Chilka tam?,·±™·±§·±û·±†·±ü ·±õ·±ü·±¢?
Chilka tam?,‡§ö‡§ø‡§≤‡•ç‡§ï‡§æ ‡§§‡§Æ?
·±™·±§·±û·±†·±ü ·±õ·±ü·±¢?,How are you?
Aaing do bes gi,I am fine
‡§Ü‡§á‡§Ç‡§ó ‡§¶‡•ã ‡§¨‡•á‡§∏ ‡§ó‡§ø‡•§,·±ü·±≠·±ù ·±∞·±ö ·±µ·±Æ·±• ·±ú·±§ ·±≠·±ü
Aaing do bes gi,·±ü·±≠·±ù ·±∞·±ö ·±µ·±Æ·±• ·±ú·±§ ·±≠·±ü
Aaing do bes gi,‡§Ü‡§á‡§Ç‡§ó ‡§¶‡•ã ‡§¨‡•á‡§∏ ‡§ó‡§ø‡•§
·±ü·±≠·±ù ·±∞·±ö ·±µ·±Æ·±• ·±ú·±§ ·±≠·±ü,I am fine
Aaing ho bes gi meniya,I am also fine.
‡§Ü‡§á‡§Ç‡§ó ‡§π‡•ã ‡§¨‡•á‡§∏ ‡§ó‡§ø ‡§Æ‡•á‡§®‡§ø‡§Ø‡§æ‡•§,·±ü·±≠·±ù ·±¶·±ö ·±µ·±Æ·±• ·±ú·±§ ·±¢·±Æ·±±·±§·±≠·±ü
Aaing ho bes gi meniya,·±ü·±≠·±ù ·±¶·±ö ·±µ·±Æ·±• ·±ú·±§ ·±¢·±Æ·±±·±§·±≠·±ü
Aaing ho bes gi meniya,‡§Ü‡§á‡§Ç‡§ó ‡§π‡•ã ‡§¨‡•á‡§∏ ‡§ó‡§ø ‡§Æ‡•á‡§®‡§ø‡§Ø‡§æ‡•§
·±ü·±≠·±ù ·±¶·±ö ·±µ·±Æ·±• ·±ú·±§ ·±¢·±Æ·±±·±§·±≠·±ü,I am also fine.
Ama odda kota re?,Where is your home?
‡§Ö‡§Æ‡§æ ‡§ì‡§°‡•ç‡§°‡§æ ‡§ï‡•ã‡§ü‡§æ ‡§∞‡•á?,·±ü·±¢·±ü ·±≥·±∞·±∞·±ü ·±†·±ö·±õ·±ü ·±®·±Æ ·±≠·±ü?
Ama odda kota re?,·±ü·±¢·±ü ·±≥·±∞·±∞·±ü ·±†·±ö·±õ·±ü ·±®·±Æ ·±≠·±ü?
Ama odda kota re?,‡§Ö‡§Æ‡§æ ‡§ì‡§°‡•ç‡§°‡§æ ‡§ï‡•ã‡§ü‡§æ ‡§∞‡•á?
·±ü·±¢·±ü ·±≥·±∞·±∞·±ü ·±†·±ö·±õ·±ü ·±®·±Æ ·±≠·±ü?,Where is your home?
Aam mandi jom kedam?,Did you eat food?
‡§Ü‡§Æ ‡§Æ‡§Ç‡§¶‡•Ä ‡§ú‡•ã‡§Æ ‡§ï‡•á‡§°‡§Æ?,·±ü·±¢ ·±¢·±ü·±±·±´·±§ ·±°·±ö·±¢ ·±†·±Æ·±´·±ü·±¢?
Aam mandi jom kedam?,·±ü·±¢ ·±¢·±ü·±±·±´·±§ ·±°·±ö·±¢ ·±†·±Æ·±´·±ü·±¢?
Aam mandi jom kedam?,‡§Ü‡§Æ ‡§Æ‡§Ç‡§¶‡•Ä ‡§ú‡•ã‡§Æ ‡§ï‡•á‡§°‡§Æ?
·±ü·±¢ ·±¢·±ü·±±·±´·±§ ·±°·±ö·±¢ ·±†·±Æ·±´·±ü·±¢?,Did you eat food?
Hey Aaing mandi jom kedaing,"Yes, I have eaten food"
"‡§π‡•á‡§Ç, ‡§Ü‡§á‡§Ç‡§ó ‡§Æ‡§Ç‡§¶‡•Ä ‡§ú‡•ã‡§Æ ‡§ï‡•á‡§°‡§æ‡§á‡§Ç‡§ó‡•§""",·±ü·±≠·±ù ·±¢·±ü·±±·±´·±§ ·±°·±ö·±¢ ·±†·±Æ·±´·±ü·±≠·±ù
Hey Aaing mandi jom kedaing,·±ü·±≠·±ù ·±¢·±ü·±±·±´·±§ ·±°·±ö·±¢ ·±†·±Æ·±´·±ü·±≠·±ù
Hey Aaing mandi jom kedaing,"‡§π‡•á‡§Ç, ‡§Ü‡§á‡§Ç‡§ó ‡§Æ‡§Ç‡§¶‡•Ä ‡§ú‡•ã‡§Æ ‡§ï‡•á‡§°‡§æ‡§á‡§Ç‡§ó‡•§"""
·±ü·±≠·±ù ·±¢·±ü·±±·±´·±§ ·±°·±ö·±¢ ·±†·±Æ·±´·±ü·±≠·±ù,"Yes, I have eaten food"
Boro,Fear
‡§¨‡•ã‡§∞‡•ã,·±µ·±ö·±≤·±ö
Boro,·±µ·±ö·±≤·±ö
Boro,‡§¨‡•ã‡§∞‡•ã
·±µ·±ö·±≤·±ö,Fear
Jom,Food
‡§ú‡•ã‡§Æ,·±°·±ö·±¢-·±†·±∑·±ü·±±·±ü
Jom,·±°·±ö·±¢-·±†·±∑·±ü·±±·±ü
Jom,‡§ú‡•ã‡§Æ
·±°·±ö·±¢-·±†·±∑·±ü·±±·±ü,Food
Hedem dudum,Good night
‡§π‡•á‡§°‡•á‡§Æ ‡§¶‡•Å‡§¶‡•Å‡§Æ,·±¶·±Æ·±∞·±Æ·±¢ ·±∞·±©·±∞·±©·±¢
Hedem dudum,·±¶·±Æ·±∞·±Æ·±¢ ·±∞·±©·±∞·±©·±¢
Hedem dudum,‡§π‡•á‡§°‡•á‡§Æ ‡§¶‡•Å‡§¶‡•Å‡§Æ
·±¶·±Æ·±∞·±Æ·±¢ ·±∞·±©·±∞·±©·±¢,Good night
Miyad,One
‡§Æ‡§ø‡§Ø‡§æ‡§¶,·±ë
Miyad,·±ë
Miyad,‡§Æ‡§ø‡§Ø‡§æ‡§¶
·±ë,One
Bariya,Two
‡§¨‡§∞‡§ø‡§Ø‡§æ,·±í
Bariya,·±í
Bariya,‡§¨‡§∞‡§ø‡§Ø‡§æ
·±í,Two
Apiya,Three
‡§Ö‡§™‡§ø‡§Ø‡§æ,ëÅ© 
Apiya,ëÅ© 
Apiya,‡§Ö‡§™‡§ø‡§Ø‡§æ
ëÅ© ,Three
Upuna,Four
‡§â‡§™‡•Å‡§®‡§æ,·±î
Upuna,·±î
Upuna,‡§â‡§™‡•Å‡§®‡§æ
·±î,Four
Modeya,Five
‡§Æ‡•ã‡§°‡•á‡§Ø‡§æ,·±ï
Modeya,·±ï
Modeya,‡§Æ‡•ã‡§°‡•á‡§Ø‡§æ
·±ï,Five
Turiya,Six
‡§§‡•Å‡§∞‡§ø‡§Ø‡§æ,·±ñ 
Turiya,·±ñ 
Turiya,‡§§‡•Å‡§∞‡§ø‡§Ø‡§æ
·±ñ ,Six
Eya,Seven
‡§è‡§Ø‡§æ,·±ï
Eya,·±ï
Eya,‡§è‡§Ø‡§æ
·±ï,Seven
Iriliya,Eight
‡§á‡§∞‡§ø‡§≤‡§ø‡§Ø‡§æ,·±ò
Iriliya,·±ò
Iriliya,‡§á‡§∞‡§ø‡§≤‡§ø‡§Ø‡§æ
·±ò,Eight
Areya,Nine
‡§Ö‡§∞‡•á‡§Ø‡§æ,·±ô
Areya,·±ô
Areya,‡§Ö‡§∞‡•á‡§Ø‡§æ
·±ô,Nine
Geleya,Ten
‡§ó‡•á‡§≤‡•á‡§Ø‡§æ,·±ë·±ê
Geleya,·±ë·±ê
Geleya,‡§ó‡•á‡§≤‡•á‡§Ø‡§æ
·±ë·±ê,Ten
Gel Miyad,Eleven
‡§ó‡•á‡§≤ ‡§Æ‡§ø‡§Ø‡§æ‡§¶,·±ë·±ë
Gel Miyad,·±ë·±ë
Gel Miyad,‡§ó‡•á‡§≤ ‡§Æ‡§ø‡§Ø‡§æ‡§¶
·±ë·±ë,Eleven
gel Bariya,Twelve
‡§ó‡•á‡§≤ ‡§¨‡§∞‡§ø‡§Ø‡§æ,·±ë·±í
gel Bariya,·±ë·±í
gel Bariya,‡§ó‡•á‡§≤ ‡§¨‡§∞‡§ø‡§Ø‡§æ
·±ë·±í,Twelve
Gel Apiya,Thirteen
‡§ó‡•á‡§≤ ‡§Ö‡§™‡§ø‡§Ø‡§æ,·±ë·±ì
Gel Apiya,·±ë·±ì
Gel Apiya,‡§ó‡•á‡§≤ ‡§Ö‡§™‡§ø‡§Ø‡§æ
·±ë·±ì,Thirteen
Gel Upuna,Fourteen
‡§ó‡•á‡§≤ ‡§â‡§™‡•Å‡§®‡§æ,·±ë·±î
Gel Upuna,·±ë·±î
Gel Upuna,‡§ó‡•á‡§≤ ‡§â‡§™‡•Å‡§®‡§æ
·±ë·±î,Fourteen
Gel modeya,Fifteen
‡§ó‡•á‡§≤ ‡§Æ‡•ã‡§°‡•á‡§Ø‡§æ,·±ë·±ï
Gel modeya,·±ë·±ï
Gel modeya,‡§ó‡•á‡§≤ ‡§Æ‡•ã‡§°‡•á‡§Ø‡§æ
·±ë·±ï,Fifteen
Gel Turiya,Sixteen
‡§ó‡•á‡§≤ ‡§§‡•Å‡§∞‡§ø‡§Ø‡§æ,·±ë·±ñ
Gel Turiya,·±ë·±ñ
Gel Turiya,‡§ó‡•á‡§≤ ‡§§‡•Å‡§∞‡§ø‡§Ø‡§æ
·±ë·±ñ,Sixteen
Gel Eya,Seventeen
‡§ó‡•á‡§≤ ‡§è‡§Ø‡§æ,·±ë·±ó
Gel Eya,·±ë·±ó
Gel Eya,‡§ó‡•á‡§≤ ‡§è‡§Ø‡§æ
·±ë·±ó,Seventeen
Gel Iriliya,Eighthteen
‡§ó‡•á‡§≤ ‡§á‡§∞‡§ø‡§≤‡§ø‡§Ø‡§æ,·±ë·±ò
Gel Iriliya,·±ë·±ò
Gel Iriliya,‡§ó‡•á‡§≤ ‡§á‡§∞‡§ø‡§≤‡§ø‡§Ø‡§æ
·±ë·±ò,Eighthteen
Gel Areya,Nineteen
‡§ó‡•á‡§≤ ‡§Ö‡§∞‡•á‡§Ø‡§æ	,·±ë·±ô
Gel Areya,·±ë·±ô
Gel Areya,‡§ó‡•á‡§≤ ‡§Ö‡§∞‡•á‡§Ø‡§æ	
·±ë·±ô,Nineteen
Hisi,Twenty
‡§π‡§ø‡§∏‡§ø,·±í·±ê
Hisi,·±í·±ê
Hisi,‡§π‡§ø‡§∏‡§ø
·±í·±ê,Twenty
Hisi Miyad,Twenty one
‡§π‡§ø‡§∏‡•Ä ‡§Æ‡§ø‡§Ø‡§æ‡§¶,·±É·±ë
Hisi Miyad,·±É·±ë
Hisi Miyad,‡§π‡§ø‡§∏‡•Ä ‡§Æ‡§ø‡§Ø‡§æ‡§¶
·±É·±ë,Twenty one
Hisi Bariya,Twenty two
‡§π‡§ø‡§∏‡•Ä ‡§¨‡§∞‡§ø‡§Ø‡§æ,·±É·±í
Hisi Bariya,·±É·±í
Hisi Bariya,‡§π‡§ø‡§∏‡•Ä ‡§¨‡§∞‡§ø‡§Ø‡§æ
·±É·±í,Twenty two
Hisi Apiya,Twenty three
‡§π‡§ø‡§∏‡•Ä ‡§Ö‡§™‡§ø‡§Ø‡§æ,·±É·±ì
Hisi Apiya,·±É·±ì
Hisi Apiya,‡§π‡§ø‡§∏‡•Ä ‡§Ö‡§™‡§ø‡§Ø‡§æ
·±É·±ì,Twenty three
Hisi Upuna,Twenty four
‡§π‡§ø‡§∏‡•Ä ‡§â‡§™‡•Å‡§®‡§æ,·±É·±î
Hisi Upuna,·±É·±î
Hisi Upuna,‡§π‡§ø‡§∏‡•Ä ‡§â‡§™‡•Å‡§®‡§æ
·±É·±î,Twenty four
Hisi Modeya,Twenty Five
‡§π‡§ø‡§∏‡•Ä ‡§Æ‡•ã‡§°‡•á‡§Ø‡§æ,·±É·±ï
Hisi Modeya,·±É·±ï
Hisi Modeya,‡§π‡§ø‡§∏‡•Ä ‡§Æ‡•ã‡§°‡•á‡§Ø‡§æ
·±É·±ï,Twenty Five
Hisi turiya,Twenty six
‡§π‡§ø‡§∏‡•Ä ‡§§‡•Å‡§∞‡§ø‡§Ø‡§æ,·±É·±ñ
Hisi turiya,·±É·±ñ
Hisi turiya,‡§π‡§ø‡§∏‡•Ä ‡§§‡•Å‡§∞‡§ø‡§Ø‡§æ
·±É·±ñ,Twenty six
Hisi Eya,Twenty Seven
‡§π‡§ø‡§∏‡•Ä ‡§è‡§Ø‡§æ,·±É·±ó
Hisi Eya,·±É·±ó
Hisi Eya,‡§π‡§ø‡§∏‡•Ä ‡§è‡§Ø‡§æ
·±É·±ó,Twenty Seven
Hisi Iriliya,Twenty Eight
‡§π‡§ø‡§∏‡•Ä ‡§á‡§∞‡§ø‡§≤‡§ø‡§Ø‡§æ,·±É·±ò
Hisi Iriliya,·±É·±ò
Hisi Iriliya,‡§π‡§ø‡§∏‡•Ä ‡§á‡§∞‡§ø‡§≤‡§ø‡§Ø‡§æ
·±É·±ò,Twenty Eight
Hisi Areya,Twenty Nine
‡§π‡§ø‡§∏‡•Ä ‡§Ö‡§∞‡•á‡§Ø‡§æ,·±É·±ô
Hisi Areya,·±É·±ô
Hisi Areya,‡§π‡§ø‡§∏‡•Ä ‡§Ö‡§∞‡•á‡§Ø‡§æ
·±É·±ô,Twenty Nine
mid hisi geleya,Thirty
‡§Æ‡§ø‡§¶ ‡§π‡§ø‡§∏‡•Ä ‡§ó‡•á‡§≤‡•á‡§Ø‡§æ, ·±£ ·±ë ·±ê 
mid hisi geleya, ·±£ ·±ë ·±ê 
mid hisi geleya,‡§Æ‡§ø‡§¶ ‡§π‡§ø‡§∏‡•Ä ‡§ó‡•á‡§≤‡•á‡§Ø‡§æ
 ·±£ ·±ë ·±ê ,Thirty
Ko…ña,Boy
‡§ï‡•ã‡§°‡§º‡§æ,·±†·±ö·±∞·±ü
Ko…ña,·±†·±ö·±∞·±ü
Ko…ña,‡§ï‡•ã‡§°‡§º‡§æ
·±†·±ö·±∞·±ü,Boy
Ku…ñi,Girl
‡§ï‡•Å‡§°‡§º‡•Ä,·±†·±©·±∞·±§
Ku…ñi,·±†·±©·±∞·±§
Ku…ñi,‡§ï‡•Å‡§°‡§º‡•Ä
·±†·±©·±∞·±§,Girl
Ha…ñam,Old man
‡§π‡§°‡§º‡§æ‡§Æ,·±¶·±ü·±∞·±ü·±¢
Ha…ñam,·±¶·±ü·±∞·±ü·±¢
Ha…ñam,‡§π‡§°‡§º‡§æ‡§Æ
·±¶·±ü·±∞·±ü·±¢,Old man
Dhangda,Young Man
‡§ß‡§æ‡§Ç‡§ó‡§°‡§º‡§æ,·±´·±ö·±ù·±∞·±ü
Dhangda,·±´·±ö·±ù·±∞·±ü
Dhangda,‡§ß‡§æ‡§Ç‡§ó‡§°‡§º‡§æ
·±´·±ö·±ù·±∞·±ü,Young Man
Dhangdi,Young women
‡§ß‡§æ‡§Ç‡§ó‡§°‡§º‡•Ä,·±´·±ö·±ù·±∞·±§
Dhangdi,·±´·±ö·±ù·±∞·±§
Dhangdi,‡§ß‡§æ‡§Ç‡§ó‡§°‡§º‡•Ä
·±´·±ö·±ù·±∞·±§,Young women
Hodo,Male
‡§π‡•ã‡§°‡§º‡•ã,·±¶·±ö·±∞·±ö
Hodo,·±¶·±ö·±∞·±ö
Hodo,‡§π‡•ã‡§°‡§º‡•ã
·±¶·±ö·±∞·±ö,Male
Ho…ño ko,People
‡§π‡•ã‡§°‡§º‡•ã ‡§ï‡•ã,·±¶·±ö·±∞·±ö ·±†·±ö
Ho…ño ko,·±¶·±ö·±∞·±ö ·±†·±ö
Ho…ño ko,‡§π‡•ã‡§°‡§º‡•ã ‡§ï‡•ã
·±¶·±ö·±∞·±ö ·±†·±ö,People
Daa,Water
‡§¶‡§Ü:,·±´·±ü·±π·±û
Daa,·±´·±ü·±π·±û
Daa,‡§¶‡§Ü:
·±´·±ü·±π·±û,Water
Diri,Rock
‡§¶‡§ø‡§∞‡•Ä, ·±∞·±§·±®·±§ 
Diri, ·±∞·±§·±®·±§ 
Diri,‡§¶‡§ø‡§∞‡•Ä
 ·±∞·±§·±®·±§ ,Rock
Buru,Mountain
‡§¨‡•Å‡§∞‡•Ç,·±µ·±©·±®·±©
Buru,·±µ·±©·±®·±©
Buru,‡§¨‡•Å‡§∞‡•Ç
·±µ·±©·±®·±©,Mountain
Hora,Road
‡§π‡•ã‡§∞‡§æ,·±¶·±ö·±®·±ü
Hora,·±¶·±ö·±®·±ü
Hora,‡§π‡•ã‡§∞‡§æ
·±¶·±ö·±®·±ü,Road
Rabang,cold
‡§∞‡§¨‡§Ç‡§ó,·±®·±µ·±ü·±ù
Rabang,·±®·±µ·±ü·±ù
Rabang,‡§∞‡§¨‡§Ç‡§ó
·±®·±µ·±ü·±ù,cold
ramal,light
‡§∞‡§Æ‡§≤,·±®·±ü·±¢·±ü·±û
ramal,·±®·±ü·±¢·±ü·±û
ramal,‡§∞‡§Æ‡§≤
·±®·±ü·±¢·±ü·±û,light
Hatu,Village
‡§π‡§æ‡§§‡•Ç,·±¶·±ü·±õ·±©
Hatu,·±¶·±ü·±õ·±©
Hatu,‡§π‡§æ‡§§‡•Ç
·±¶·±ü·±õ·±©,Village
KhiÀês,Angry
‡§ñ‡•Ä‡§∏,·±†·±∑·±§·±•
KhiÀês,·±†·±∑·±§·±•
KhiÀês,‡§ñ‡•Ä‡§∏
·±†·±∑·±§·±•,Angry
Dula…ñ,Love
‡§¶‡•Å‡§≤‡§æ‡§°‡§º,·±∞·±©·±û·±ü·±∞
Dula…ñ,·±∞·±©·±û·±ü·±∞
Dula…ñ,‡§¶‡•Å‡§≤‡§æ‡§°‡§º
·±∞·±©·±û·±ü·±∞,Love
Hasu,Pain
‡§π‡§æ‡§∏‡•Ç,·±¶·±ü·±•·±©
Hasu,·±¶·±ü·±•·±©
Hasu,‡§π‡§æ‡§∏‡•Ç
·±¶·±ü·±•·±©,Pain
Raa,Cry
‡§∞‡§Ü:,·±®·±ü·±π·±û
Raa,·±®·±ü·±π·±û
Raa,‡§∞‡§Ü:
·±®·±ü·±π·±û,Cry
Landa,Laughter
‡§≤‡§æ‡§Ç‡§¶‡§æ,·±û·±ü·±ù·±∞·±ü
Landa,·±û·±ü·±ù·±∞·±ü
Landa,‡§≤‡§æ‡§Ç‡§¶‡§æ
·±û·±ü·±ù·±∞·±ü,Laughter
Duku,sorrow
‡§¶‡•Å‡§ï‡•Å,·±û·±ü·±ù·±∞·±ü
Duku,·±û·±ü·±ù·±∞·±ü
Duku,‡§¶‡•Å‡§ï‡•Å
·±û·±ü·±ù·±∞·±ü,sorrow
Daru,Tree
‡§¶‡§æ‡§∞‡•Ç,·±´·±ü·±®·±©
Daru,·±´·±ü·±®·±©
Daru,‡§¶‡§æ‡§∞‡•Ç
·±´·±ü·±®·±©,Tree
mid hisi geleya,Thirty
‡§Æ‡§ø‡§¶ ‡§π‡§ø‡§∏‡•Ä ‡§ó‡•á‡§≤‡•á‡§Ø‡§æ,·±¢·±§·±∞ ·±¶·±§·±•·±§ ·±ú·±Æ·±û·±Æ·±≠·±ü
mid hisi geleya,·±¢·±§·±∞ ·±¶·±§·±•·±§ ·±ú·±Æ·±û·±Æ·±≠·±ü
mid hisi geleya,‡§Æ‡§ø‡§¶ ‡§π‡§ø‡§∏‡•Ä ‡§ó‡•á‡§≤‡•á‡§Ø‡§æ
·±¢·±§·±∞ ·±¶·±§·±•·±§ ·±ú·±Æ·±û·±Æ·±≠·±ü,Thirty
Neya,It
‡§®‡•á‡§Ø‡§æ,·±±·±Æ·±≠·±ü
Neya,·±±·±Æ·±≠·±ü
Neya,‡§®‡•á‡§Ø‡§æ
·±±·±Æ·±≠·±ü,It
Am / Ape,You
‡§Ü‡§Æ / ‡§Ü‡§™‡•á,·±ü·±¢ / ·±ü·±Ø·±Æ
Am / Ape,·±ü·±¢ / ·±ü·±Ø·±Æ
Am / Ape,‡§Ü‡§Æ / ‡§Ü‡§™‡•á
·±ü·±¢ / ·±ü·±Ø·±Æ,You
Hani,She
‡§π‡§æ‡§®‡§ø,·±¶·±ü·±±·±§
Hani,·±¶·±ü·±±·±§
Hani,‡§π‡§æ‡§®‡§ø
·±¶·±ü·±±·±§,She
Aing,I
‡§Ü‡§á‡§Ç‡§ó,·±ü·±§·±ù
Aing,·±ü·±§·±ù
Aing,‡§Ü‡§á‡§Ç‡§ó
·±ü·±§·±ù,I
Hijum,Come
‡§π‡§ø‡§ú‡•Å‡§Æ, ·±¶·±§·±°·±©·±¢
Hijum, ·±¶·±§·±°·±©·±¢
Hijum,‡§π‡§ø‡§ú‡•Å‡§Æ
 ·±¶·±§·±°·±©·±¢,Come
Hijupe / Hijugam / Hijutanape,Came 
  ‡§π‡§ø‡§ú‡•Å‡§™‡•á / ‡§π‡§ø‡§ú‡•Å‡§ó‡§Æ / ‡§π‡§ø‡§ú‡•Å‡§§‡§æ‡§®‡§æ‡§™‡•á,·±¶·±§·±°·±©·±Ø·±Æ / ·±¶·±§·±°·±©·±ú·±ü·±¢ /·±¶·±§·±°·±©·±õ·±ü·±±·±ü·±Ø·±Æ
Hijupe / Hijugam / Hijutanape,·±¶·±§·±°·±©·±Ø·±Æ / ·±¶·±§·±°·±©·±ú·±ü·±¢ /·±¶·±§·±°·±©·±õ·±ü·±±·±ü·±Ø·±Æ
Hijupe / Hijugam / Hijutanape,  ‡§π‡§ø‡§ú‡•Å‡§™‡•á / ‡§π‡§ø‡§ú‡•Å‡§ó‡§Æ / ‡§π‡§ø‡§ú‡•Å‡§§‡§æ‡§®‡§æ‡§™‡•á
·±¶·±§·±°·±©·±Ø·±Æ / ·±¶·±§·±°·±©·±ú·±ü·±¢ /·±¶·±§·±°·±©·±õ·±ü·±±·±ü·±Ø·±Æ,Came 
Hijuvay / Hijugay / Hijuoale,Will come
‡§π‡§ø‡§ú‡•Å‡§µ‡§æ‡§Ø / ‡§π‡§ø‡§ú‡•Å‡§ó‡§æ‡§Ø / ‡§π‡§ø‡§ú‡•Å‡§ì‡§Ö‡§≤‡•á,·±¶·±§·±°·±©·±£·±ü·±≠ /·±¶·±§·±°·±©·±ú·±ü·±≠ / ·±¶·±§·±°·±©·±≥·±ü·±û·±Æ
Hijuvay / Hijugay / Hijuoale,·±¶·±§·±°·±©·±£·±ü·±≠ /·±¶·±§·±°·±©·±ú·±ü·±≠ / ·±¶·±§·±°·±©·±≥·±ü·±û·±Æ
Hijuvay / Hijugay / Hijuoale,‡§π‡§ø‡§ú‡•Å‡§µ‡§æ‡§Ø / ‡§π‡§ø‡§ú‡•Å‡§ó‡§æ‡§Ø / ‡§π‡§ø‡§ú‡•Å‡§ì‡§Ö‡§≤‡•á
·±¶·±§·±°·±©·±£·±ü·±≠ /·±¶·±§·±°·±©·±ú·±ü·±≠ / ·±¶·±§·±°·±©·±≥·±ü·±û·±Æ,Will come
 Kholaype ,Open
‡§ñ‡•ã‡§≤‡§æ‡§Ø‡§™‡•á,·±†·±∑·±ö·±û·±ü·±≠·±Ø·±Æ
 Kholaype ,·±†·±∑·±ö·±û·±ü·±≠·±Ø·±Æ
 Kholaype ,‡§ñ‡•ã‡§≤‡§æ‡§Ø‡§™‡•á
·±†·±∑·±ö·±û·±ü·±≠·±Ø·±Æ,Open
Kholo / Kholaoyam / Kholayem,Opened
‡§ñ‡•ã‡§≤‡•ã / ‡§ñ‡•ã‡§≤‡§æ‡§ì‡§Ø‡§Æ/ ‡§ñ‡•ã‡§≤‡§æ‡§Ø‡•á‡§Æ,Kholo / Kholaoyam / Kholayem
Kholo / Kholaoyam / Kholayem,Kholo / Kholaoyam / Kholayem
Kholo / Kholaoyam / Kholayem,‡§ñ‡•ã‡§≤‡•ã / ‡§ñ‡•ã‡§≤‡§æ‡§ì‡§Ø‡§Æ/ ‡§ñ‡•ã‡§≤‡§æ‡§Ø‡•á‡§Æ
Kholo / Kholaoyam / Kholayem,Opened
Kholaoyay,Will open
‡§ñ‡•ã‡§≤‡§æ‡§ì‡§Ø‡§æ‡§Ø,·±†·±∑·±ö·±û·±ü·±≥·±≠·±ü·±≠
Kholaoyay,·±†·±∑·±ö·±û·±ü·±≥·±≠·±ü·±≠
Kholaoyay,‡§ñ‡•ã‡§≤‡§æ‡§ì‡§Ø‡§æ‡§Ø
·±†·±∑·±ö·±û·±ü·±≥·±≠·±ü·±≠,Will open
Dubme,Sit
‡§¶‡•Å‡§¨‡§Æ‡•á ,·±´·±©·±µ·±¢·±Æ
Dubme,·±´·±©·±µ·±¢·±Æ
Dubme,‡§¶‡•Å‡§¨‡§Æ‡•á 
·±´·±©·±µ·±¢·±Æ,Sit
senem,walk
‡§∏‡•á‡§®‡•á‡§Æ,·±•·±Æ·±±·±Æ·±¢
senem,·±•·±Æ·±±·±Æ·±¢
senem,‡§∏‡•á‡§®‡•á‡§Æ
·±•·±Æ·±±·±Æ·±¢,walk
Jomem,eat
‡§ú‡•ã‡§Æ‡•á‡§º‡§Æ,·±°·±ö·±¢·±Æ·±¢
Jomem,·±°·±ö·±¢·±Æ·±¢
Jomem,‡§ú‡•ã‡§Æ‡•á‡§º‡§Æ
·±°·±ö·±¢·±Æ·±¢,eat
Nuim,drink
‡§®‡•Å‡§á‡§Æ,·±±·±©·±§·±¢
Nuim,·±±·±©·±§·±¢
Nuim,‡§®‡•Å‡§á‡§Æ
·±±·±©·±§·±¢,drink
Senom,Go
‡§∏‡•á‡§®‡•ã‡§Æ ,·±•·±Æ·±±·±ö·±¢
Senom,·±•·±Æ·±±·±ö·±¢
Senom,‡§∏‡•á‡§®‡•ã‡§Æ 
·±•·±Æ·±±·±ö·±¢,Go
Nerem,Run
‡§®‡•Ä‡§∞‡•á‡§Æ,·±±·±Æ·±®·±Æ·±¢
Nerem,·±±·±Æ·±®·±Æ·±¢
Nerem,‡§®‡•Ä‡§∞‡•á‡§Æ
·±±·±Æ·±®·±Æ·±¢,Run
Hini sev jom keday.,He ate an apple.
‡§π‡§ø‡§®‡•Ä ‡§∏‡•á‡§µ ‡§ú‡•ã‡§Æ ‡§ï‡•á‡§¶‡§Ø‡•§, ·±¶·±§·±±·±§ ·±•·±Æ·±£ ·±°·±ö·±¢ ·±†·±Æ·±∞·±ü·±≠‡•§
Hini sev jom keday., ·±¶·±§·±±·±§ ·±•·±Æ·±£ ·±°·±ö·±¢ ·±†·±Æ·±∞·±ü·±≠‡•§
Hini sev jom keday.,‡§π‡§ø‡§®‡•Ä ‡§∏‡•á‡§µ ‡§ú‡•ã‡§Æ ‡§ï‡•á‡§¶‡§Ø‡•§
 ·±¶·±§·±±·±§ ·±•·±Æ·±£ ·±°·±ö·±¢ ·±†·±Æ·±∞·±ü·±≠‡•§,He ate an apple.
Aing sida saptah filam lel kedayang.,I saw the film last week.
‡§Ü‡§à‡§Ç‡§ó ‡§∏‡§ø‡§¶‡§æ ‡§∏‡§™‡•ç‡§§‡§æ‡§π ‡§´‡§ø‡§≤‡§Æ ‡§≤‡•á‡§≤ ‡§ï‡•á‡§¶‡§æ‡§Ø‡§Ç‡§ó‡•§,·±ü·±≠·±ù ·±•·±§·±∞·±ü ·±•·±ü·±Ø·±õ·±ü·±¶ ·±Ø·±§·±û·±ü·±¢ ·±û·±Æ·±û ·±†·±Æ·±∞·±ü·±≠·±ù‡•§
Aing sida saptah filam lel kedayang.,·±ü·±≠·±ù ·±•·±§·±∞·±ü ·±•·±ü·±Ø·±õ·±ü·±¶ ·±Ø·±§·±û·±ü·±¢ ·±û·±Æ·±û ·±†·±Æ·±∞·±ü·±≠·±ù‡•§
Aing sida saptah filam lel kedayang.,‡§Ü‡§à‡§Ç‡§ó ‡§∏‡§ø‡§¶‡§æ ‡§∏‡§™‡•ç‡§§‡§æ‡§π ‡§´‡§ø‡§≤‡§Æ ‡§≤‡•á‡§≤ ‡§ï‡•á‡§¶‡§æ‡§Ø‡§Ç‡§ó‡•§
·±ü·±≠·±ù ·±•·±§·±∞·±ü ·±•·±ü·±Ø·±õ·±ü·±¶ ·±Ø·±§·±û·±ü·±¢ ·±û·±Æ·±û ·±†·±Æ·±∞·±ü·±≠·±ù‡•§,I saw the film last week.
Hani hola bas te hijuynaay.,She came by bus yesterday.
‡§π‡§®‡§ø ‡§π‡•ã‡§≤‡§æ ‡§¨‡§∏ ‡§§‡•á ‡§π‡§ø‡§ú‡•Å‡§á‡§®‡§æ‡§Ø‡•§,·±¶·±ü·±±·±§ ·±¶·±ö·±û·±ü ·±µ·±ü·±• ·±õ·±Æ ·±¶·±§·±°·±©·±≠·±±·±ü·±≠‡•§
Hani hola bas te hijuynaay.,·±¶·±ü·±±·±§ ·±¶·±ö·±û·±ü ·±µ·±ü·±• ·±õ·±Æ ·±¶·±§·±°·±©·±≠·±±·±ü·±≠‡•§
Hani hola bas te hijuynaay.,‡§π‡§®‡§ø ‡§π‡•ã‡§≤‡§æ ‡§¨‡§∏ ‡§§‡•á ‡§π‡§ø‡§ú‡•Å‡§á‡§®‡§æ‡§Ø‡•§
·±¶·±ü·±±·±§ ·±¶·±ö·±û·±ü ·±µ·±ü·±• ·±õ·±Æ ·±¶·±§·±°·±©·±≠·±±·±ü·±≠‡•§,She came by bus yesterday.
Hini hatu seno jante.,They went to the village.
‡§π‡§ø‡§®‡•Ä ‡§π‡§æ‡§§‡•Å ‡§∏‡•á‡§®‡•ã ‡§ú‡§æ‡§®‡•ç‡§§‡•á‡•§,·±¶·±§·±±·±§ ·±¶·±ü·±õ·±© ·±•·±Æ·±±·±ö ·±°·±ü·±±·±õ·±Æ‡•§
Hini hatu seno jante.,·±¶·±§·±±·±§ ·±¶·±ü·±õ·±© ·±•·±Æ·±±·±ö ·±°·±ü·±±·±õ·±Æ‡•§
Hini hatu seno jante.,‡§π‡§ø‡§®‡•Ä ‡§π‡§æ‡§§‡•Å ‡§∏‡•á‡§®‡•ã ‡§ú‡§æ‡§®‡•ç‡§§‡•á‡•§
·±¶·±§·±±·±§ ·±¶·±ü·±õ·±© ·±•·±Æ·±±·±ö ·±°·±ü·±±·±õ·±Æ‡•§,They went to the village.
Hini gota nida gitij kanay.,He slept the whole night.
‡§π‡§ø‡§®‡•Ä ‡§ó‡•ã‡§ü‡§æ ‡§®‡§ø‡§¶‡§æ ‡§ó‡§ø‡§§‡§ø‡§ú ‡§ï‡§®‡§æ‡§Ø‡•§,·±¶·±§·±±·±§ ·±ú·±ö·±¥·±ü ·±±·±§·±∞·±ü ·±ú·±§·±¥·±§·±° ·±†·±ü·±±·±ü·±≠‡•§
Hini gota nida gitij kanay.,·±¶·±§·±±·±§ ·±ú·±ö·±¥·±ü ·±±·±§·±∞·±ü ·±ú·±§·±¥·±§·±° ·±†·±ü·±±·±ü·±≠‡•§
Hini gota nida gitij kanay.,‡§π‡§ø‡§®‡•Ä ‡§ó‡•ã‡§ü‡§æ ‡§®‡§ø‡§¶‡§æ ‡§ó‡§ø‡§§‡§ø‡§ú ‡§ï‡§®‡§æ‡§Ø‡•§
·±¶·±§·±±·±§ ·±ú·±ö·±¥·±ü ·±±·±§·±∞·±ü ·±ú·±§·±¥·±§·±° ·±†·±ü·±±·±ü·±≠‡•§,He slept the whole night.
Hani pariksha maza oll lay.,He wrote well in the examination.
 ‡§π‡§æ‡§®‡•Ä ‡§™‡§∞‡•Ä‡§ï‡•ç‡§∑‡§æ ‡§Æ‡§ú‡§º‡§æ ‡§ì‡§≤ ‡§≤‡§æ‡§Ø‡•§,·±¶·±ü·±±·±§ ·±Ø·±ü·±®·±§·±†·±•·±∑·±ü ·±¢·±ü·±°·±ü ·±ö·±û ·±û·±ü·±≠‡•§
Hani pariksha maza oll lay.,·±¶·±ü·±±·±§ ·±Ø·±ü·±®·±§·±†·±•·±∑·±ü ·±¢·±ü·±°·±ü ·±ö·±û ·±û·±ü·±≠‡•§
Hani pariksha maza oll lay., ‡§π‡§æ‡§®‡•Ä ‡§™‡§∞‡•Ä‡§ï‡•ç‡§∑‡§æ ‡§Æ‡§ú‡§º‡§æ ‡§ì‡§≤ ‡§≤‡§æ‡§Ø‡•§
·±¶·±ü·±±·±§ ·±Ø·±ü·±®·±§·±†·±•·±∑·±ü ·±¢·±ü·±°·±ü ·±ö·±û ·±û·±ü·±≠‡•§,He wrote well in the examination.
Hini jom keday.,He has eaten.
‡§π‡§ø‡§®‡•Ä ‡§ú‡•ã‡§Æ ‡§ï‡•á‡§¶‡§Ø‡•§,·±¶·±§·±±·±§ ·±°·±ö·±¢ ·±†·±Æ·±∞·±ü·±≠‡•§
Hini jom keday.,·±¶·±§·±±·±§ ·±°·±ö·±¢ ·±†·±Æ·±∞·±ü·±≠‡•§
Hini jom keday.,‡§π‡§ø‡§®‡•Ä ‡§ú‡•ã‡§Æ ‡§ï‡•á‡§¶‡§Ø‡•§
·±¶·±§·±±·±§ ·±°·±ö·±¢ ·±†·±Æ·±∞·±ü·±≠‡•§,He has eaten.
Hini sedagi jom lay.,He had eaten.
 ‡§π‡§ø‡§®‡•Ä ‡§∏‡•á‡§¶‡§æ‡§ó‡§ø ‡§ú‡•ã‡§Æ ‡§≤‡•à, ·±¶·±§·±±·±§ ·±•·±Æ·±∞·±ü·±ú·±§ ·±°·±ö·±¢ ·±û·±Æ
Hini sedagi jom lay., ·±¶·±§·±±·±§ ·±•·±Æ·±∞·±ü·±ú·±§ ·±°·±ö·±¢ ·±û·±Æ
Hini sedagi jom lay., ‡§π‡§ø‡§®‡•Ä ‡§∏‡•á‡§¶‡§æ‡§ó‡§ø ‡§ú‡•ã‡§Æ ‡§≤‡•à
 ·±¶·±§·±±·±§ ·±•·±Æ·±∞·±ü·±ú·±§ ·±°·±ö·±¢ ·±û·±Æ,He had eaten.
Hani sedagi seno lenay.,He had gone.
‡§π‡§®‡§ø ‡§∏‡•á‡§¶‡§æ‡§ó‡§ø ‡§∏‡•á‡§®‡•ã ‡§≤‡•á‡§®‡§æ‡§Ø‡•§,·±¶·±ü·±±·±§ ·±•·±Æ·±∞·±ü·±ú·±§ ·±•·±Æ·±±·±ö ·±û·±Æ·±±·±ü·±≠‡•§
Hani sedagi seno lenay.,·±¶·±ü·±±·±§ ·±•·±Æ·±∞·±ü·±ú·±§ ·±•·±Æ·±±·±ö ·±û·±Æ·±±·±ü·±≠‡•§
Hani sedagi seno lenay.,‡§π‡§®‡§ø ‡§∏‡•á‡§¶‡§æ‡§ó‡§ø ‡§∏‡•á‡§®‡•ã ‡§≤‡•á‡§®‡§æ‡§Ø‡•§
·±¶·±ü·±±·±§ ·±•·±Æ·±∞·±ü·±ú·±§ ·±•·±Æ·±±·±ö ·±û·±Æ·±±·±ü·±≠‡•§,He had gone.
Hani hejulenay.,He had come.
‡§π‡§®‡§ø ‡§π‡•á‡§ú‡•Å‡§≤‡•á‡§®‡§æ‡§Ø‡•§,·±¶·±ü·±±·±§ ·±¶·±Æ·±°·±©·±û·±Æ·±±·±ü·±≠‡•§
Hani hejulenay.,·±¶·±ü·±±·±§ ·±¶·±Æ·±°·±©·±û·±Æ·±±·±ü·±≠‡•§
Hani hejulenay.,‡§π‡§®‡§ø ‡§π‡•á‡§ú‡•Å‡§≤‡•á‡§®‡§æ‡§Ø‡•§
·±¶·±ü·±±·±§ ·±¶·±Æ·±°·±©·±û·±Æ·±±·±ü·±≠‡•§,He had come.
Hani jomeyay.,He will eat.
‡§π‡§®‡§ø ‡§ú‡•ã‡§Æ‡•á‡§Ø‡§æ‡§Ø‡•§,·±¶·±ü·±±·±§ ·±°·±ö·±¢·±Æ·±≠·±ü·±≠‡•§
Hani jomeyay.,·±¶·±ü·±±·±§ ·±°·±ö·±¢·±Æ·±≠·±ü·±≠‡•§
Hani jomeyay.,‡§π‡§®‡§ø ‡§ú‡•ã‡§Æ‡•á‡§Ø‡§æ‡§Ø‡•§
·±¶·±ü·±±·±§ ·±°·±ö·±¢·±Æ·±≠·±ü·±≠‡•§,He will eat.
Hani senogay.,He will go.
‡§π‡§æ‡§®‡•Ä ‡§∏‡•á‡§®‡•ã‡§ó‡§æ‡§Ø‡•§,·±¶·±ü·±±·±§ ·±•·±Æ·±±·±ö·±ú·±ü·±≠‡•§
Hani senogay.,·±¶·±ü·±±·±§ ·±•·±Æ·±±·±ö·±ú·±ü·±≠‡•§
Hani senogay.,‡§π‡§æ‡§®‡•Ä ‡§∏‡•á‡§®‡•ã‡§ó‡§æ‡§Ø‡•§
·±¶·±ü·±±·±§ ·±•·±Æ·±±·±ö·±ú·±ü·±≠‡•§,He will go.
Hani hejugay.,He will come.
‡§π‡§æ‡§®‡•Ä ‡§π‡•á‡§ú‡•Å‡§ó‡§æ‡§Ø‡•§,·±¶·±ü·±±·±§ ·±¶·±Æ·±°·±©·±ú·±ü·±≠‡•§
Hani hejugay.,·±¶·±ü·±±·±§ ·±¶·±Æ·±°·±©·±ú·±ü·±≠‡•§
Hani hejugay.,‡§π‡§æ‡§®‡•Ä ‡§π‡•á‡§ú‡•Å‡§ó‡§æ‡§Ø‡•§
·±¶·±ü·±±·±§ ·±¶·±Æ·±°·±©·±ú·±ü·±≠‡•§,He will come.
Ama chikan nutum?,What is your name?
‡§Ö‡§Æ ‡§ö‡§ø‡§ï‡§® ‡§®‡•Å‡§§‡•Å‡§Æ?,·±ü·±¢·±ü ·±™·±§·±†·±ü·±± ·±±·±©·±õ·±©·±¢?
Ama chikan nutum?,·±ü·±¢·±ü ·±™·±§·±†·±ü·±± ·±±·±©·±õ·±©·±¢?
Ama chikan nutum?,‡§Ö‡§Æ ‡§ö‡§ø‡§ï‡§® ‡§®‡•Å‡§§‡•Å‡§Æ?
·±ü·±¢·±ü ·±™·±§·±†·±ü·±± ·±±·±©·±õ·±©·±¢?,What is your name?
Am chika kedam?,What did you do?
‡§Ö‡§Æ ‡§ö‡§ø‡§ï ‡§ï‡§º‡•á‡§¶‡§Æ?,·±ü·±¢ ·±™·±§·±†·±ü ·±†·±Æ·±∞·±ü·±¢?
Am chika kedam?,·±ü·±¢ ·±™·±§·±†·±ü ·±†·±Æ·±∞·±ü·±¢?
Am chika kedam?,‡§Ö‡§Æ ‡§ö‡§ø‡§ï ‡§ï‡§º‡•á‡§¶‡§Æ?
·±ü·±¢ ·±™·±§·±†·±ü ·±†·±Æ·±∞·±ü·±¢?,What did you do?
Aing chika yang?,What should I do?
‡§Ü‡§à‡§Ç‡§ó ‡§ö‡§ø‡§ï ‡§Ø‡§æ‡§Ç‡§ó?,·±ü·±≠·±ù ·±™·±§·±†·±ü ·±≠·±ü·±ù?
Aing chika yang?,·±ü·±≠·±ù ·±™·±§·±†·±ü ·±≠·±ü·±ù?
Aing chika yang?,‡§Ü‡§à‡§Ç‡§ó ‡§ö‡§ø‡§ï ‡§Ø‡§æ‡§Ç‡§ó?
·±ü·±≠·±ù ·±™·±§·±†·±ü ·±≠·±ü·±ù?,What should I do?
Aing chika dadiyan?,What can I do?
‡§Ü‡§à‡§Ç‡§ó ‡§ö‡§ø‡§ï ‡§¶‡§æ‡§¶‡§ø‡§Ø‡§æ‡§®?,·±ü·±≠·±ù ·±™·±§·±† ·±∞·±ü·±∞·±§·±≠·±ü·±±?
Aing chika dadiyan?,·±ü·±≠·±ù ·±™·±§·±† ·±∞·±ü·±∞·±§·±≠·±ü·±±?
Aing chika dadiyan?,‡§Ü‡§à‡§Ç‡§ó ‡§ö‡§ø‡§ï ‡§¶‡§æ‡§¶‡§ø‡§Ø‡§æ‡§®?
·±ü·±≠·±ù ·±™·±§·±† ·±∞·±ü·±∞·±§·±≠·±ü·±±?,What can I do?
What are the questions?,What are the questions?
‡§ö‡§ø‡§ï‡§®‡§æ ‡§∏‡§µ‡§æ‡§≤ ‡§§‡§®‡§æ?,·±™·±§·±†·±±·±ü ·±•·±ü·±µ·±ü·±û ·±õ·±ü·±±·±ü?
What are the questions?,·±™·±§·±†·±±·±ü ·±•·±ü·±µ·±ü·±û ·±õ·±ü·±±·±ü?
What are the questions?,‡§ö‡§ø‡§ï‡§®‡§æ ‡§∏‡§µ‡§æ‡§≤ ‡§§‡§®‡§æ?
·±™·±§·±†·±±·±ü ·±•·±ü·±µ·±ü·±û ·±õ·±ü·±±·±ü?,What are the questions?
Chikna saval tainkena?,What were the questions?
‡§ö‡§ø‡§ï‡§®‡§æ ‡§∏‡§µ‡§æ‡§≤ ‡§§‡•á‡§Ç‡§ï‡•á‡§®‡§æ?,·±™·±§·±†·±±·±ü ·±•·±ü·±µ·±ü·±û ·±¥·±Æ·±±·±†·±Æ·±±·±ü?
Chikna saval tainkena?,·±™·±§·±†·±±·±ü ·±•·±ü·±µ·±ü·±û ·±¥·±Æ·±±·±†·±Æ·±±·±ü?
Chikna saval tainkena?,‡§ö‡§ø‡§ï‡§®‡§æ ‡§∏‡§µ‡§æ‡§≤ ‡§§‡•á‡§Ç‡§ï‡•á‡§®‡§æ?
·±™·±§·±†·±±·±ü ·±•·±ü·±µ·±ü·±û ·±¥·±Æ·±±·±†·±Æ·±±·±ü?,What were the questions?
Akri saval chikna tana?,What is the last question?
‡§Ü‡§ñ‡§º‡§∞‡•Ä ‡§∏‡§µ‡§æ‡§≤ ‡§ö‡§ø‡§ï‡§®‡§æ ‡§§‡§®‡§æ?,·±ü·±†·±®·±§ ·±•·±ü·±µ·±ü·±û ·±™·±§·±†·±±·±ü ·±õ·±ü·±±·±ü?
Akri saval chikna tana?,·±ü·±†·±®·±§ ·±•·±ü·±µ·±ü·±û ·±™·±§·±†·±±·±ü ·±õ·±ü·±±·±ü?
Akri saval chikna tana?,‡§Ü‡§ñ‡§º‡§∞‡•Ä ‡§∏‡§µ‡§æ‡§≤ ‡§ö‡§ø‡§ï‡§®‡§æ ‡§§‡§®‡§æ?
·±ü·±†·±®·±§ ·±•·±ü·±µ·±ü·±û ·±™·±§·±†·±±·±ü ·±õ·±ü·±±·±ü?,What is the last question?
Chitti re chikna ola kana?,What is written in the letter?
‡§ö‡§ø‡§ü‡•ç‡§†‡•Ä ‡§∞‡•á ‡§ö‡§ø‡§ï‡§®‡§æ ‡§ì‡§≤‡§æ ‡§ï‡§º‡§®‡§æ‡§Ø?,·±™·±§·±¥·±§ ·±®·±Æ ·±™·±§·±†·±±·±ü ·±ö·±û·±ü ·±†·±ü·±±·±ü·±≠?
Chitti re chikna ola kana?,·±™·±§·±¥·±§ ·±®·±Æ ·±™·±§·±†·±±·±ü ·±ö·±û·±ü ·±†·±ü·±±·±ü·±≠?
Chitti re chikna ola kana?,‡§ö‡§ø‡§ü‡•ç‡§†‡•Ä ‡§∞‡•á ‡§ö‡§ø‡§ï‡§®‡§æ ‡§ì‡§≤‡§æ ‡§ï‡§º‡§®‡§æ‡§Ø?
·±™·±§·±¥·±§ ·±®·±Æ ·±™·±§·±†·±±·±ü ·±ö·±û·±ü ·±†·±ü·±±·±ü·±≠?,What is written in the letter?
Amke chikna kaji lena?,What you had been told?
‡§Ö‡§Æ‡§ï‡•á ‡§ö‡§ø‡§ï‡§®‡§æ ‡§ï‡§º‡§æ‡§ú‡•Ä ‡§≤‡•á‡§®‡§æ‡§Ø?,·±ü·±¢·±†·±Æ ·±™·±§·±†·±±·±ü ·±†·±ü·±°·±§ ·±û·±Æ·±±·±ü·±≠?
Amke chikna kaji lena?,·±ü·±¢·±†·±Æ ·±™·±§·±†·±±·±ü ·±†·±ü·±°·±§ ·±û·±Æ·±±·±ü·±≠?
Amke chikna kaji lena?,‡§Ö‡§Æ‡§ï‡•á ‡§ö‡§ø‡§ï‡§®‡§æ ‡§ï‡§º‡§æ‡§ú‡•Ä ‡§≤‡•á‡§®‡§æ‡§Ø?
·±ü·±¢·±†·±Æ ·±™·±§·±†·±±·±ü ·±†·±ü·±°·±§ ·±û·±Æ·±±·±ü·±≠?,What you had been told?
Jabab chikna hobava?,What will be the answer?
 ‡§ú‡§µ‡§æ‡§¨ ‡§ö‡§ø‡§ï‡§®‡§æ ‡§π‡•ã‡§¨‡§æ‡§µ‡§æ?,·±°·±ü·±µ·±ü·±µ ·±™·±§·±†·±±·±ü ·±¶·±ö·±µ·±ü·±£·±ü?
Jabab chikna hobava?,·±°·±ü·±µ·±ü·±µ ·±™·±§·±†·±±·±ü ·±¶·±ö·±µ·±ü·±£·±ü?
Jabab chikna hobava?, ‡§ú‡§µ‡§æ‡§¨ ‡§ö‡§ø‡§ï‡§®‡§æ ‡§π‡•ã‡§¨‡§æ‡§µ‡§æ?
·±°·±ü·±µ·±ü·±µ ·±™·±§·±†·±±·±ü ·±¶·±ö·±µ·±ü·±£·±ü?,What will be the answer?
Am china line hiju janam?,Why did you come?
‡§Ö‡§Æ ‡§ö‡§ø‡§®‡§æ ‡§≤‡§æ‡§à‡§® ‡§π‡§ø‡§ú‡•Å ‡§ú‡§æ‡§®‡§æ‡§Æ?,·±ü·±¢ ·±™·±§·±±·±ü ·±û·±ü·±≠·±±·±Æ ·±¶·±§·±°·±© ·±°·±ü·±±·±ü·±¢?
Am china line hiju janam?,·±ü·±¢ ·±™·±§·±±·±ü ·±û·±ü·±≠·±±·±Æ ·±¶·±§·±°·±© ·±°·±ü·±±·±ü·±¢?
Am china line hiju janam?,‡§Ö‡§Æ ‡§ö‡§ø‡§®‡§æ ‡§≤‡§æ‡§à‡§® ‡§π‡§ø‡§ú‡•Å ‡§ú‡§æ‡§®‡§æ‡§Æ?
·±ü·±¢ ·±™·±§·±±·±ü ·±û·±ü·±≠·±±·±Æ ·±¶·±§·±°·±© ·±°·±ü·±±·±ü·±¢?,Why did you come?
Am china line gitij janam?,Why did you sleep?
‡§Ö‡§Æ ‡§ö‡§ø‡§®‡§æ ‡§≤‡§æ‡§à‡§® ‡§ó‡§ø‡§§‡§ø‡§ú ‡§ú‡§æ‡§®‡§æ‡§Æ?,·±ü·±¢ ·±™·±§·±±·±ü ·±û·±ü·±≠·±±·±Æ ·±ú·±§·±¥·±§·±° ·±°·±ü·±±·±ü·±¢?
Am china line gitij janam?,·±ü·±¢ ·±™·±§·±±·±ü ·±û·±ü·±≠·±±·±Æ ·±ú·±§·±¥·±§·±° ·±°·±ü·±±·±ü·±¢?
Am china line gitij janam?,‡§Ö‡§Æ ‡§ö‡§ø‡§®‡§æ ‡§≤‡§æ‡§à‡§® ‡§ó‡§ø‡§§‡§ø‡§ú ‡§ú‡§æ‡§®‡§æ‡§Æ?
·±ü·±¢ ·±™·±§·±±·±ü ·±û·±ü·±≠·±±·±Æ ·±ú·±§·±¥·±§·±° ·±°·±ü·±±·±ü·±¢?,Why did you sleep?
Am hani ke seno line china line kajikedam?,Why did you tell him to go?
‡§Ö‡§Æ ‡§π‡§æ‡§®‡•Ä ‡§ï‡•á ‡§∏‡•á‡§®‡•ã ‡§≤‡§æ‡§à‡§® ‡§ö‡§ø‡§®‡§æ ‡§≤‡§æ‡§à‡§® ‡§ï‡§æ‡§ú‡•Ä‡§ï‡•á‡§¶‡§æ‡§Æ?,·±ü·±¢ ·±¶·±ü·±±·±§ ·±†·±Æ ·±•·±Æ·±±·±ö ·±û·±ü·±≠·±±·±Æ ·±™·±§·±±·±ü ·±û·±ü·±≠·±±·±Æ ·±†·±ü·±°·±§·±†·±Æ·±∞·±ü·±¢?
Am hani ke seno line china line kajikedam?,·±ü·±¢ ·±¶·±ü·±±·±§ ·±†·±Æ ·±•·±Æ·±±·±ö ·±û·±ü·±≠·±±·±Æ ·±™·±§·±±·±ü ·±û·±ü·±≠·±±·±Æ ·±†·±ü·±°·±§·±†·±Æ·±∞·±ü·±¢?
Am hani ke seno line china line kajikedam?,‡§Ö‡§Æ ‡§π‡§æ‡§®‡•Ä ‡§ï‡•á ‡§∏‡•á‡§®‡•ã ‡§≤‡§æ‡§à‡§® ‡§ö‡§ø‡§®‡§æ ‡§≤‡§æ‡§à‡§® ‡§ï‡§æ‡§ú‡•Ä‡§ï‡•á‡§¶‡§æ‡§Æ?
·±ü·±¢ ·±¶·±ü·±±·±§ ·±†·±Æ ·±•·±Æ·±±·±ö ·±û·±ü·±≠·±±·±Æ ·±™·±§·±±·±ü ·±û·±ü·±≠·±±·±Æ ·±†·±ü·±°·±§·±†·±Æ·±∞·±ü·±¢?,Why did you tell him to go?
Hani taila china line aulay?,Why did he bring the bag?
‡§π‡§æ‡§®‡•Ä ‡§•‡§æ‡§à‡§≤‡§æ ‡§ö‡§ø‡§®‡§æ ‡§≤‡§æ‡§à‡§® ‡§Ö‡§â‡§≤‡§æ‡§Ø?,·±¶·±ü·±±·±§ ·±õ·±∑·±ü·±≠·±û·±ü ·±™·±§·±±·±ü ·±û·±ü·±≠·±±·±Æ ·±ö·±£·±û·±ü·±≠?
Hani taila china line aulay?,·±¶·±ü·±±·±§ ·±õ·±∑·±ü·±≠·±û·±ü ·±™·±§·±±·±ü ·±û·±ü·±≠·±±·±Æ ·±ö·±£·±û·±ü·±≠?
Hani taila china line aulay?,‡§π‡§æ‡§®‡•Ä ‡§•‡§æ‡§à‡§≤‡§æ ‡§ö‡§ø‡§®‡§æ ‡§≤‡§æ‡§à‡§® ‡§Ö‡§â‡§≤‡§æ‡§Ø?
·±¶·±ü·±±·±§ ·±õ·±∑·±ü·±≠·±û·±ü ·±™·±§·±±·±ü ·±û·±ü·±≠·±±·±Æ ·±ö·±£·±û·±ü·±≠?,Why did he bring the bag?
Hani paisa china line em keday?,Why did she pay the money?
‡§π‡§æ‡§®‡•Ä ‡§™‡•à‡§∏‡§æ ‡§ö‡§ø‡§®‡§æ ‡§≤‡§æ‡§à‡§® ‡§è‡§Æ ‡§ï‡•á‡§¶‡§Ø?,·±¶·±ü·±±·±§ ·±Ø·±ü·±≠·±•·±ü ·±™·±§·±±·±ü ·±û·±ü·±≠·±±·±Æ ·±§·±¢ ·±†·±Æ·±∞·±ü·±≠?
Hani paisa china line em keday?,·±¶·±ü·±±·±§ ·±Ø·±ü·±≠·±•·±ü ·±™·±§·±±·±ü ·±û·±ü·±≠·±±·±Æ ·±§·±¢ ·±†·±Æ·±∞·±ü·±≠?
Hani paisa china line em keday?,‡§π‡§æ‡§®‡•Ä ‡§™‡•à‡§∏‡§æ ‡§ö‡§ø‡§®‡§æ ‡§≤‡§æ‡§à‡§® ‡§è‡§Æ ‡§ï‡•á‡§¶‡§Ø?
·±¶·±ü·±±·±§ ·±Ø·±ü·±≠·±•·±ü ·±™·±§·±±·±ü ·±û·±ü·±≠·±±·±Æ ·±§·±¢ ·±†·±Æ·±∞·±ü·±≠?,Why did she pay the money?
Hani hanta chikna line dub kenay?,Why did they sit there?
‡§π‡§æ‡§®‡•Ä ‡§π‡§æ‡§Ç‡§§‡§æ ‡§ö‡§ø‡§ï‡§®‡§æ ‡§≤‡§æ‡§à‡§® ‡§¶‡•Å‡§¨ ‡§ï‡•á‡§®‡§æ‡§Ø?,·±¶·±ü·±±·±§ ·±¶·±ü·±±·±õ·±ü ·±™·±§·±†·±±·±ü ·±û·±ü·±≠·±±·±Æ ·±´·±©·±µ ·±†·±Æ·±±·±ü·±≠?
Hani hanta chikna line dub kenay?,·±¶·±ü·±±·±§ ·±¶·±ü·±±·±õ·±ü ·±™·±§·±†·±±·±ü ·±û·±ü·±≠·±±·±Æ ·±´·±©·±µ ·±†·±Æ·±±·±ü·±≠?
Hani hanta chikna line dub kenay?,‡§π‡§æ‡§®‡•Ä ‡§π‡§æ‡§Ç‡§§‡§æ ‡§ö‡§ø‡§ï‡§®‡§æ ‡§≤‡§æ‡§à‡§® ‡§¶‡•Å‡§¨ ‡§ï‡•á‡§®‡§æ‡§Ø?
·±¶·±ü·±±·±§ ·±¶·±ü·±±·±õ·±ü ·±™·±§·±†·±±·±ü ·±û·±ü·±≠·±±·±Æ ·±´·±©·±µ ·±†·±Æ·±±·±ü·±≠?,Why did they sit there?
Am gadi chikna line chalao yam?,Why do you drive the car?
‡§Ö‡§Æ ‡§ó‡§æ‡§°‡§º‡•Ä ‡§ö‡§ø‡§ï‡§®‡§æ ‡§≤‡§æ‡§à‡§® ‡§ö‡§≤‡§æ‡§ì ‡§Ø‡§æ‡§Æ?,·±ü·±¢ ·±ú·±ü·±∞·±§ ·±™·±§·±†·±±·±ü ·±û·±ü·±≠·±±·±Æ ·±™·±ü·±û·±ü·±ö ·±µ·±ü·±¢?
Am gadi chikna line chalao yam?,·±ü·±¢ ·±ú·±ü·±∞·±§ ·±™·±§·±†·±±·±ü ·±û·±ü·±≠·±±·±Æ ·±™·±ü·±û·±ü·±ö ·±µ·±ü·±¢?
Am gadi chikna line chalao yam?,‡§Ö‡§Æ ‡§ó‡§æ‡§°‡§º‡•Ä ‡§ö‡§ø‡§ï‡§®‡§æ ‡§≤‡§æ‡§à‡§® ‡§ö‡§≤‡§æ‡§ì ‡§Ø‡§æ‡§Æ?
·±ü·±¢ ·±ú·±ü·±∞·±§ ·±™·±§·±†·±±·±ü ·±û·±ü·±≠·±±·±Æ ·±™·±ü·±û·±ü·±ö ·±µ·±ü·±¢?,Why do you drive the car?
Hani meating re heda te chena line hejuyanay?,Why did they come late for the meeting?
‡§π‡§æ‡§®‡•Ä ‡§Æ‡•Ä‡§ü‡§ø‡§Ç‡§ó ‡§∞‡•á ‡§π‡•á‡§°‡§æ ‡§§‡•á ‡§ö‡§ø‡§®‡§æ ‡§≤‡§æ‡§à‡§® ‡§π‡§ø‡§ú‡•Å‡§Ø‡§æ‡§®‡§æ‡§Ø?,·±¶·±ü·±±·±§ ·±¢·±§·±¥·±§·±ù ·±®·±Æ ·±¶·±Æ·±∞·±ü ·±õ·±Æ ·±™·±§·±±·±ü ·±û·±ü·±≠·±±·±Æ ·±¶·±§·±°·±©·±≠·±ü·±±·±ü·±≠?
Hani meating re heda te chena line hejuyanay?,·±¶·±ü·±±·±§ ·±¢·±§·±¥·±§·±ù ·±®·±Æ ·±¶·±Æ·±∞·±ü ·±õ·±Æ ·±™·±§·±±·±ü ·±û·±ü·±≠·±±·±Æ ·±¶·±§·±°·±©·±≠·±ü·±±·±ü·±≠?
Hani meating re heda te chena line hejuyanay?,‡§π‡§æ‡§®‡•Ä ‡§Æ‡•Ä‡§ü‡§ø‡§Ç‡§ó ‡§∞‡•á ‡§π‡•á‡§°‡§æ ‡§§‡•á ‡§ö‡§ø‡§®‡§æ ‡§≤‡§æ‡§à‡§® ‡§π‡§ø‡§ú‡•Å‡§Ø‡§æ‡§®‡§æ‡§Ø?
·±¶·±ü·±±·±§ ·±¢·±§·±¥·±§·±ù ·±®·±Æ ·±¶·±Æ·±∞·±ü ·±õ·±Æ ·±™·±§·±±·±ü ·±û·±ü·±≠·±±·±Æ ·±¶·±§·±°·±©·±≠·±ü·±±·±ü·±≠?,Why did they come late for the meeting?
Am chilka hijuyanam?,How did you come?
‡§Ö‡§Æ ‡§ö‡§ø‡§≤‡§ï‡§æ ‡§π‡§ø‡§ú‡•Å‡§Ø‡§æ‡§®‡§æ‡§Æ?,·±ü·±¢ ·±™·±§·±û·±†·±ü ·±¶·±§·±°·±©·±≠·±ü·±±·±ü·±¢?
Am chilka hijuyanam?,·±ü·±¢ ·±™·±§·±û·±†·±ü ·±¶·±§·±°·±©·±≠·±ü·±±·±ü·±¢?
Am chilka hijuyanam?,‡§Ö‡§Æ ‡§ö‡§ø‡§≤‡§ï‡§æ ‡§π‡§ø‡§ú‡•Å‡§Ø‡§æ‡§®‡§æ‡§Æ?
·±ü·±¢ ·±™·±§·±û·±†·±ü ·±¶·±§·±°·±©·±≠·±ü·±±·±ü·±¢?,How did you come?
Am chilka gitij yanam?,Am chilka hijuyanam?
‡§Ö‡§Æ ‡§ö‡§ø‡§≤‡§ï‡§æ ‡§ó‡§ø‡§§‡§ø‡§ú ‡§Ø‡§æ‡§®‡§æ‡§Æ?, ·±ü·±¢ ·±™·±§·±û·±†·±ü ·±ú·±§·±¥·±§·±° ·±µ·±ü·±±·±ü·±¢?
Am chilka gitij yanam?, ·±ü·±¢ ·±™·±§·±û·±†·±ü ·±ú·±§·±¥·±§·±° ·±µ·±ü·±±·±ü·±¢?
Am chilka gitij yanam?,‡§Ö‡§Æ ‡§ö‡§ø‡§≤‡§ï‡§æ ‡§ó‡§ø‡§§‡§ø‡§ú ‡§Ø‡§æ‡§®‡§æ‡§Æ?
 ·±ü·±¢ ·±™·±§·±û·±†·±ü ·±ú·±§·±¥·±§·±° ·±µ·±ü·±±·±ü·±¢?,Am chilka hijuyanam?
Am gadi chilka chalaokedam?,How did you drive the car?
‡§Ö‡§Æ ‡§ó‡§æ‡§°‡§º‡•Ä ‡§ö‡§ø‡§≤‡§ï‡§æ ‡§ö‡§≤‡§æ‡§ì‡§ï‡•á‡§¶‡§æ‡§Æ?,·±ü·±¢ ·±ú·±ü·±∞·±§ ·±™·±§·±û·±†·±ü ·±™·±ü·±û·±ü·±ö·±†·±Æ·±∞·±ü·±¢?
Am gadi chilka chalaokedam?,·±ü·±¢ ·±ú·±ü·±∞·±§ ·±™·±§·±û·±†·±ü ·±™·±ü·±û·±ü·±ö·±†·±Æ·±∞·±ü·±¢?
Am gadi chilka chalaokedam?,‡§Ö‡§Æ ‡§ó‡§æ‡§°‡§º‡•Ä ‡§ö‡§ø‡§≤‡§ï‡§æ ‡§ö‡§≤‡§æ‡§ì‡§ï‡•á‡§¶‡§æ‡§Æ?
·±ü·±¢ ·±ú·±ü·±∞·±§ ·±™·±§·±û·±†·±ü ·±™·±ü·±û·±ü·±ö·±†·±Æ·±∞·±ü·±¢?,How did you drive the car?
Am chilka oll kedam?,How did you write?
‡§Ö‡§Æ ‡§ö‡§ø‡§≤‡§ï‡§æ ‡§ì‡§≤‡•ç‡§≤ ‡§ï‡•á‡§¶‡§æ‡§Æ?,·±ü·±¢ ·±™·±§·±û·±†·±ü ·±≥·±û·±û ·±†·±Æ·±∞·±ü·±¢?
Am chilka oll kedam?,·±ü·±¢ ·±™·±§·±û·±†·±ü ·±≥·±û·±û ·±†·±Æ·±∞·±ü·±¢?
Am chilka oll kedam?,‡§Ö‡§Æ ‡§ö‡§ø‡§≤‡§ï‡§æ ‡§ì‡§≤‡•ç‡§≤ ‡§ï‡•á‡§¶‡§æ‡§Æ?
·±ü·±¢ ·±™·±§·±û·±†·±ü ·±≥·±û·±û ·±†·±Æ·±∞·±ü·±¢?,How did you write?
Aina tie re chimnam sev mena?,How many apples are there in my hand?
‡§Ü‡§à‡§®‡§æ ‡§ü‡§ø‡§è ‡§∞‡•á ‡§ö‡§ø‡§Æ‡§®‡§Æ ‡§∏‡•á‡§µ ‡§Æ‡•á‡§®‡§æ?,·±ü·±≠·±±·±ü ·±¥·±§·±≠ ·±®·±Æ ·±™·±§·±¢·±±·±ü·±¢ ·±•·±Æ·±£ ·±¢·±Æ·±±·±ü?
Aina tie re chimnam sev mena?,·±ü·±≠·±±·±ü ·±¥·±§·±≠ ·±®·±Æ ·±™·±§·±¢·±±·±ü·±¢ ·±•·±Æ·±£ ·±¢·±Æ·±±·±ü?
Aina tie re chimnam sev mena?,‡§Ü‡§à‡§®‡§æ ‡§ü‡§ø‡§è ‡§∞‡•á ‡§ö‡§ø‡§Æ‡§®‡§Æ ‡§∏‡•á‡§µ ‡§Æ‡•á‡§®‡§æ?
·±ü·±≠·±±·±ü ·±¥·±§·±≠ ·±®·±Æ ·±™·±§·±¢·±±·±ü·±¢ ·±•·±Æ·±£ ·±¢·±Æ·±±·±ü?,How many apples are there in my hand?
Am chimnang idi kedam?,How many did you take?
‡§Ö‡§Æ ‡§ö‡§ø‡§Æ‡§®‡§Ç‡§ó ‡§à‡§¶‡•Ä ‡§ï‡•á‡§¶‡§æ‡§Æ?, ·±ü·±¢ ·±™·±§·±¢·±±·±ü·±ù ·±§·±∞·±§ ·±†·±Æ·±∞·±ü·±¢?
Am chimnang idi kedam?, ·±ü·±¢ ·±™·±§·±¢·±±·±ü·±ù ·±§·±∞·±§ ·±†·±Æ·±∞·±ü·±¢?
Am chimnang idi kedam?,‡§Ö‡§Æ ‡§ö‡§ø‡§Æ‡§®‡§Ç‡§ó ‡§à‡§¶‡•Ä ‡§ï‡•á‡§¶‡§æ‡§Æ?
 ·±ü·±¢ ·±™·±§·±¢·±±·±ü·±ù ·±§·±∞·±§ ·±†·±Æ·±∞·±ü·±¢?,How many did you take?
Hani amke chimnang paisa em lay?,How much did he pay you?
‡§π‡§æ‡§®‡•Ä ‡§Ö‡§Æ‡§ï‡•á ‡§ö‡§ø‡§Æ‡§®‡§Ç‡§ó ‡§™‡•à‡§∏‡§æ ‡§è‡§Æ ‡§≤‡§æ‡§Ø?,·±¶·±ü·±±·±§ ·±ü·±¢·±†·±Æ ·±™·±§·±¢·±±·±ü·±ù ·±Ø·±ü·±≠·±•·±ü ·±§·±¢ ·±û·±ü·±≠?
Hani amke chimnang paisa em lay?,·±¶·±ü·±±·±§ ·±ü·±¢·±†·±Æ ·±™·±§·±¢·±±·±ü·±ù ·±Ø·±ü·±≠·±•·±ü ·±§·±¢ ·±û·±ü·±≠?
Hani amke chimnang paisa em lay?,‡§π‡§æ‡§®‡•Ä ‡§Ö‡§Æ‡§ï‡•á ‡§ö‡§ø‡§Æ‡§®‡§Ç‡§ó ‡§™‡•à‡§∏‡§æ ‡§è‡§Æ ‡§≤‡§æ‡§Ø?
·±¶·±ü·±±·±§ ·±ü·±¢·±†·±Æ ·±™·±§·±¢·±±·±ü·±ù ·±Ø·±ü·±≠·±•·±ü ·±§·±¢ ·±û·±ü·±≠?,How much did he pay you?
Haddo chimnang sangin sen mena?,How much distance to go?
‡§π‡§°‡•ç‡§°‡•ã ‡§ö‡§ø‡§Æ‡§®‡§Ç‡§ó ‡§∏‡§æ‡§Ç‡§ó‡§ø‡§® ‡§∏‡•á‡§® ‡§Æ‡•á‡§®‡§æ?,·±¶·±ü·±∞·±∞·±ö ·±™·±§·±¢·±±·±ü·±ù ·±•·±ü·±ù·±ú·±§·±± ·±•·±Æ·±± ·±¢·±Æ·±±·±ü?
Haddo chimnang sangin sen mena?,·±¶·±ü·±∞·±∞·±ö ·±™·±§·±¢·±±·±ü·±ù ·±•·±ü·±ù·±ú·±§·±± ·±•·±Æ·±± ·±¢·±Æ·±±·±ü?
Haddo chimnang sangin sen mena?,‡§π‡§°‡•ç‡§°‡•ã ‡§ö‡§ø‡§Æ‡§®‡§Ç‡§ó ‡§∏‡§æ‡§Ç‡§ó‡§ø‡§® ‡§∏‡•á‡§® ‡§Æ‡•á‡§®‡§æ?
·±¶·±ü·±∞·±∞·±ö ·±™·±§·±¢·±±·±ü·±ù ·±•·±ü·±ù·±ú·±§·±± ·±•·±Æ·±± ·±¢·±Æ·±±·±ü?,How much distance to go?
Hola ra yatra chilka tine kena?,How was the journey yesterday?
‡§π‡•ã‡§≤‡§æ ‡§∞ ‡§Ø‡§æ‡§§‡•ç‡§∞‡§æ ‡§ö‡§ø‡§≤‡§ï‡§æ ‡§§‡§ø‡§®‡•á ‡§ï‡•á‡§®‡§æ?,·±¶·±ö·±û·±ü ·±® ·±≠·±ü·±¥·±®·±ü ·±™·±§·±û·±†·±ü ·±¥·±§·±±·±Æ ·±†·±Æ·±±·±ü?
Hola ra yatra chilka tine kena?,·±¶·±ö·±û·±ü ·±® ·±≠·±ü·±¥·±®·±ü ·±™·±§·±û·±†·±ü ·±¥·±§·±±·±Æ ·±†·±Æ·±±·±ü?
Hola ra yatra chilka tine kena?,‡§π‡•ã‡§≤‡§æ ‡§∞ ‡§Ø‡§æ‡§§‡•ç‡§∞‡§æ ‡§ö‡§ø‡§≤‡§ï‡§æ ‡§§‡§ø‡§®‡•á ‡§ï‡•á‡§®‡§æ?
·±¶·±ö·±û·±ü ·±® ·±≠·±ü·±¥·±®·±ü ·±™·±§·±û·±†·±ü ·±¥·±§·±±·±Æ ·±†·±Æ·±±·±ü?,How was the journey yesterday?
Ape oko hora te hiju janape?,Which way did you come?
‡§Ö‡§™‡•á ‡§ì‡§ï‡•ã ‡§π‡•ã‡§∞‡§æ ‡§§‡•á ‡§π‡§ø‡§ú‡•Å ‡§ú‡§æ‡§®‡§æ‡§™‡•á?,·±ü·±Ø·±Æ ·±≥·±†·±ö ·±¶·±ö·±®·±ü ·±õ·±Æ ·±¶·±§·±°·±© ·±°·±ü·±±·±ü·±Ø·±Æ?
Ape oko hora te hiju janape?,·±ü·±Ø·±Æ ·±≥·±†·±ö ·±¶·±ö·±®·±ü ·±õ·±Æ ·±¶·±§·±°·±© ·±°·±ü·±±·±ü·±Ø·±Æ?
Ape oko hora te hiju janape?,‡§Ö‡§™‡•á ‡§ì‡§ï‡•ã ‡§π‡•ã‡§∞‡§æ ‡§§‡•á ‡§π‡§ø‡§ú‡•Å ‡§ú‡§æ‡§®‡§æ‡§™‡•á?
·±ü·±Ø·±Æ ·±≥·±†·±ö ·±¶·±ö·±®·±ü ·±õ·±Æ ·±¶·±§·±°·±© ·±°·±ü·±±·±ü·±Ø·±Æ?,Which way did you come?
Apeke okon ranga suku mena?,Which is your favourite colour?
‡§Ö‡§™‡•á‡§ï‡•á ‡§ì‡§ï‡•ã‡§Ç ‡§∞‡§Ç‡§ó‡§æ ‡§∏‡•Å‡§ï‡•Å ‡§Æ‡•á‡§®‡§æ ?,·±ü·±Ø·±Æ·±†·±Æ ·±≥·±†·±ö·±± ·±®·±ü·±ù·±ú·±ü ·±•·±©·±†·±© ·±¢·±Æ·±±·±ü?
Apeke okon ranga suku mena?,·±ü·±Ø·±Æ·±†·±Æ ·±≥·±†·±ö·±± ·±®·±ü·±ù·±ú·±ü ·±•·±©·±†·±© ·±¢·±Æ·±±·±ü?
Apeke okon ranga suku mena?,‡§Ö‡§™‡•á‡§ï‡•á ‡§ì‡§ï‡•ã‡§Ç ‡§∞‡§Ç‡§ó‡§æ ‡§∏‡•Å‡§ï‡•Å ‡§Æ‡•á‡§®‡§æ ?
·±ü·±Ø·±Æ·±†·±Æ ·±≥·±†·±ö·±± ·±®·±ü·±ù·±ú·±ü ·±•·±©·±†·±© ·±¢·±Æ·±±·±ü?,Which is your favourite colour?
Am okon kamra re gitij kenam? ,In which room did you sleep?
‡§Ö‡§Æ ‡§ì‡§ï‡•ã‡§Ç ‡§ï‡§Æ‡§∞‡§æ ‡§∞‡•á ‡§ó‡§ø‡§§‡§ø‡§ú ‡§ï‡•á‡§®‡§æ‡§Æ?,·±ü·±¢ ·±≥·±†·±ö·±± ·±†·±ü·±¢·±®·±ü ·±®·±Æ ·±ú·±§·±õ·±§·±° ·±†·±Æ·±±·±ü·±¢?
Am okon kamra re gitij kenam? ,·±ü·±¢ ·±≥·±†·±ö·±± ·±†·±ü·±¢·±®·±ü ·±®·±Æ ·±ú·±§·±õ·±§·±° ·±†·±Æ·±±·±ü·±¢?
Am okon kamra re gitij kenam? ,‡§Ö‡§Æ ‡§ì‡§ï‡•ã‡§Ç ‡§ï‡§Æ‡§∞‡§æ ‡§∞‡•á ‡§ó‡§ø‡§§‡§ø‡§ú ‡§ï‡•á‡§®‡§æ‡§Æ?
·±ü·±¢ ·±≥·±†·±ö·±± ·±†·±ü·±¢·±®·±ü ·±®·±Æ ·±ú·±§·±õ·±§·±° ·±†·±Æ·±±·±ü·±¢?,In which room did you sleep?
Am okon kahani udub lam?,Which story did you tell?
‡§Ö‡§Æ ‡§ì‡§ï‡•ã‡§Ç ‡§ï‡§π‡§æ‡§®‡•Ä ‡§â‡§°‡•Å‡§¨ ‡§≤‡§æ‡§Æ?,·±ü·±¢ ·±≥·±†·±ö·±± ·±†·±ü·±¶·±ü·±±·±§ ·±©·±∞·±©·±µ ·±û·±ü·±¢?
Am okon kahani udub lam?,·±ü·±¢ ·±≥·±†·±ö·±± ·±†·±ü·±¶·±ü·±±·±§ ·±©·±∞·±©·±µ ·±û·±ü·±¢?
Am okon kahani udub lam?,‡§Ö‡§Æ ‡§ì‡§ï‡•ã‡§Ç ‡§ï‡§π‡§æ‡§®‡•Ä ‡§â‡§°‡•Å‡§¨ ‡§≤‡§æ‡§Æ?
·±ü·±¢ ·±≥·±†·±ö·±± ·±†·±ü·±¶·±ü·±±·±§ ·±©·±∞·±©·±µ ·±û·±ü·±¢?,Which story did you tell?
Sobena te metta mittai okna tana?,Which is the sweetest fruit?
‡§∏‡•ã‡§¨‡•á‡§® ‡§§‡•á ‡§Æ‡§ø‡§†‡§æ ‡§Æ‡§ø‡§†‡§æ‡§á ‡§ì‡§ï‡§®‡§æ ‡§§‡§®‡§æ?,·±•·±≥·±µ·±Æ·±± ·±¥·±Æ ·±¢·±§·±õ·±ü ·±¢·±§·±õ·±ü·±≠ ·±≥·±†·±±·±ü ·±¥·±ü·±±·±ü?
Sobena te metta mittai okna tana?,·±•·±≥·±µ·±Æ·±± ·±¥·±Æ ·±¢·±§·±õ·±ü ·±¢·±§·±õ·±ü·±≠ ·±≥·±†·±±·±ü ·±¥·±ü·±±·±ü?
Sobena te metta mittai okna tana?,‡§∏‡•ã‡§¨‡•á‡§® ‡§§‡•á ‡§Æ‡§ø‡§†‡§æ ‡§Æ‡§ø‡§†‡§æ‡§á ‡§ì‡§ï‡§®‡§æ ‡§§‡§®‡§æ?
·±•·±≥·±µ·±Æ·±± ·±¥·±Æ ·±¢·±§·±õ·±ü ·±¢·±§·±õ·±ü·±≠ ·±≥·±†·±±·±ü ·±¥·±ü·±±·±ü?,Which is the sweetest fruit?
Hindi re soben te maza samachar patr okna tana?,Which is the best newspaper in Hindi?
‡§π‡§ø‡§Ç‡§¶‡•Ä ‡§∞‡•á ‡§∏‡•ã‡§¨‡•á‡§® ‡§§‡•á ‡§Æ‡§æ‡§ú‡§æ ‡§∏‡§Æ‡§æ‡§ö‡§æ‡§∞ ‡§™‡§§‡•ç‡§∞ ‡§ì‡§ï‡§®‡§æ ‡§§‡§®‡§æ? ,·±¶·±§·±±·±∞·±§ ·±®·±Æ ·±•·±≥·±µ·±Æ·±± ·±¥·±Æ ·±¢·±ü·±°·±ü ·±•·±ü·±¢·±ü·±™·±ü·±® ·±Ø·±ü·±¥·±® ·±≥·±†·±±·±ü ·±¥·±ü·±±·±ü?
Hindi re soben te maza samachar patr okna tana?,·±¶·±§·±±·±∞·±§ ·±®·±Æ ·±•·±≥·±µ·±Æ·±± ·±¥·±Æ ·±¢·±ü·±°·±ü ·±•·±ü·±¢·±ü·±™·±ü·±® ·±Ø·±ü·±¥·±® ·±≥·±†·±±·±ü ·±¥·±ü·±±·±ü?
Hindi re soben te maza samachar patr okna tana?,‡§π‡§ø‡§Ç‡§¶‡•Ä ‡§∞‡•á ‡§∏‡•ã‡§¨‡•á‡§® ‡§§‡•á ‡§Æ‡§æ‡§ú‡§æ ‡§∏‡§Æ‡§æ‡§ö‡§æ‡§∞ ‡§™‡§§‡•ç‡§∞ ‡§ì‡§ï‡§®‡§æ ‡§§‡§®‡§æ? 
·±¶·±§·±±·±∞·±§ ·±®·±Æ ·±•·±≥·±µ·±Æ·±± ·±¥·±Æ ·±¢·±ü·±°·±ü ·±•·±ü·±¢·±ü·±™·±ü·±® ·±Ø·±ü·±¥·±® ·±≥·±†·±±·±ü ·±¥·±ü·±±·±ü?,Which is the best newspaper in Hindi?
Okon bharatiya rajya ra jansankhya thimba mena?,Which Indian state has the largest population?
‡§ì‡§ï‡•ã‡§Ç‡§® ‡§≠‡§æ‡§∞‡§§‡•Ä‡§Ø ‡§∞‡§æ‡§ú‡•ç‡§Ø ‡§∞ ‡§ú‡§®‡§∏‡§Ç‡§ñ‡•ç‡§Ø‡§æ ‡§•‡§ø‡§Æ‡•ç‡§¨‡§æ ‡§Æ‡•á‡§®‡§æ?,·±≥·±†·±ö·±±·±± ·±µ·±∑·±ü·±®·±ü·±¥·±§·±≠·±ü ·±®·±ü·±°·±≠·±ü ·±®·±ü ·±°·±ü·±±·±•·±ü·±±·±†·±∑·±≠·±ü ·±õ·±§·±¢·±µ·±ü ·±¢·±Æ·±±·±ü?
Okon bharatiya rajya ra jansankhya thimba mena?,·±≥·±†·±ö·±±·±± ·±µ·±∑·±ü·±®·±ü·±¥·±§·±≠·±ü ·±®·±ü·±°·±≠·±ü ·±®·±ü ·±°·±ü·±±·±•·±ü·±±·±†·±∑·±≠·±ü ·±õ·±§·±¢·±µ·±ü ·±¢·±Æ·±±·±ü?
Okon bharatiya rajya ra jansankhya thimba mena?,‡§ì‡§ï‡•ã‡§Ç‡§® ‡§≠‡§æ‡§∞‡§§‡•Ä‡§Ø ‡§∞‡§æ‡§ú‡•ç‡§Ø ‡§∞ ‡§ú‡§®‡§∏‡§Ç‡§ñ‡•ç‡§Ø‡§æ ‡§•‡§ø‡§Æ‡•ç‡§¨‡§æ ‡§Æ‡•á‡§®‡§æ?
·±≥·±†·±ö·±±·±± ·±µ·±∑·±ü·±®·±ü·±¥·±§·±≠·±ü ·±®·±ü·±°·±≠·±ü ·±®·±ü ·±°·±ü·±±·±•·±ü·±±·±†·±∑·±≠·±ü ·±õ·±§·±¢·±µ·±ü ·±¢·±Æ·±±·±ü?,Which Indian state has the largest population?
Am oktate hiju taname?,Where are you coming from?
‡§Ö‡§Æ ‡§ì‡§ï‡•ç‡§§‡§æ‡§§‡•á ‡§π‡§ø‡§ú‡•Å ‡§§‡§æ‡§®‡§æ‡§Æ‡•á?,·±ü·±¢ ·±≥·±†·±õ·±ü·±¥·±Æ ·±¶·±§·±°·±© ·±¥·±ü·±±·±ü·±¢·±Æ?
Am oktate hiju taname?,·±ü·±¢ ·±≥·±†·±õ·±ü·±¥·±Æ ·±¶·±§·±°·±© ·±¥·±ü·±±·±ü·±¢·±Æ?
Am oktate hiju taname?,‡§Ö‡§Æ ‡§ì‡§ï‡•ç‡§§‡§æ‡§§‡•á ‡§π‡§ø‡§ú‡•Å ‡§§‡§æ‡§®‡§æ‡§Æ‡•á?
·±ü·±¢ ·±≥·±†·±õ·±ü·±¥·±Æ ·±¶·±§·±°·±© ·±¥·±ü·±±·±ü·±¢·±Æ?,Where are you coming from?
soben,All
‡§∏‡•ã‡§¨‡•á‡§®,·±•·±≥·±µ·±Æ·±±
soben,·±•·±≥·±µ·±Æ·±±
soben,‡§∏‡•ã‡§¨‡•á‡§®
·±•·±≥·±µ·±Æ·±±,All
tana,is / it is
‡§§‡§®‡§æ,·±¥·±ü·±±·±ü
tana,·±¥·±ü·±±·±ü
tana,‡§§‡§®‡§æ
·±¥·±ü·±±·±ü,is / it is
samachar,newspaper
‡§∏‡§Æ‡§æ‡§ö‡§æ‡§∞,·±•·±ü·±¢·±ü·±™·±ü·±®
samachar,·±•·±ü·±¢·±ü·±™·±ü·±®
samachar,‡§∏‡§Æ‡§æ‡§ö‡§æ‡§∞
·±•·±ü·±¢·±ü·±™·±ü·±®,newspaper
te,which
‡§§‡•á,·±¥·±Æ
te,·±¥·±Æ
te,‡§§‡•á
·±¥·±Æ,which
 thimba,more / greater / larger
‡§•‡§ø‡§Æ‡•ç‡§¨‡§æ,·±õ·±§·±¢·±µ·±ü
 thimba,·±õ·±§·±¢·±µ·±ü
 thimba,‡§•‡§ø‡§Æ‡•ç‡§¨‡§æ
·±õ·±§·±¢·±µ·±ü,more / greater / larger
 huding,less / fewer
‡§π‡•Å‡§°‡§ø‡§Ç‡§ó,·±¶·±©·±∞·±§·±ù
 huding,·±¶·±©·±∞·±§·±ù
 huding,‡§π‡•Å‡§°‡§ø‡§Ç‡§ó
·±¶·±©·±∞·±§·±ù,less / fewer
bulung,salt
‡§¨‡•Å‡§≤‡•Å‡§Ç‡§ó,·±µ·±©·±û·±©·±ù
bulung,·±µ·±©·±û·±©·±ù
bulung,‡§¨‡•Å‡§≤‡•Å‡§Ç‡§ó
·±µ·±©·±û·±©·±ù,salt
gohom,Wheat
‡§ó‡•ä‡§π‡•ã‡§Æ,·±ú·±ö·±¶·±ö·±¢
gohom,·±ú·±ö·±¶·±ö·±¢
gohom,‡§ó‡•ä‡§π‡•ã‡§Æ
·±ú·±ö·±¶·±ö·±¢,Wheat
kodae,finger millet 
‡§ï‡•ã‡§¶‡•à,·±†·±ö·±∞·±ü·±≠
kodae,·±†·±ö·±∞·±ü·±≠
kodae,‡§ï‡•ã‡§¶‡•à
·±†·±ö·±∞·±ü·±≠,finger millet 
baba,paddy / rice
‡§¨‡§æ‡§¨‡§æ,·±µ·±ü·±µ·±ü
baba,·±µ·±ü·±µ·±ü
baba,‡§¨‡§æ‡§¨‡§æ
·±µ·±ü·±µ·±ü,paddy / rice
tamras,Guava
‡§§‡§Æ‡•ç‡§∞‡§∏,·±õ·±ü·±¢·±®·±ü·±•
tamras,·±õ·±ü·±¢·±®·±ü·±•
tamras,‡§§‡§Æ‡•ç‡§∞‡§∏
·±õ·±ü·±¢·±®·±ü·±•,Guava
Jojo,tamarind
‡§ú‡•ã‡§ú‡•ã,·±°·±≥·±°·±≥
Jojo,·±°·±≥·±°·±≥
Jojo,‡§ú‡•ã‡§ú‡•ã
·±°·±≥·±°·±≥,tamarind
kuda,black plum / jamun
‡§ï‡•Å‡§¶‡§æ,·±†·±©·±∞·±ü
kuda,·±†·±©·±∞·±ü
kuda,‡§ï‡•Å‡§¶‡§æ
·±†·±©·±∞·±ü,black plum / jamun
holong,roti / flatbread
‡§π‡•ã‡§≤‡•ã‡§ô,·±¶·±ö·±û·±ö·±ù
holong,·±¶·±ö·±û·±ö·±ù
holong,‡§π‡•ã‡§≤‡•ã‡§ô
·±¶·±ö·±û·±ö·±ù,roti / flatbread
sengel,Fire
‡§∏‡•á‡§Ç‡§ó‡•á‡§≤,·±•·±Æ·±ù·±ú·±Æ·±û
sengel,·±•·±Æ·±ù·±ú·±Æ·±û
sengel,‡§∏‡•á‡§Ç‡§ó‡•á‡§≤
·±•·±Æ·±ù·±ú·±Æ·±û,Fire
sahan,wood
‡§∏‡§π‡§®,·±•·±ü·±¶·±ü·±±
sahan,·±•·±ü·±¶·±ü·±±
sahan,‡§∏‡§π‡§®
·±•·±ü·±¶·±ü·±±,wood
sota, stick 
‡§∏‡•ã‡§ü‡§æ,·±•·±≥·±¥·±ü
sota,·±•·±≥·±¥·±ü
sota,‡§∏‡•ã‡§ü‡§æ
·±•·±≥·±¥·±ü, stick 
ode,bird
‡§ì‡§°‡•á,·±≥·±∞·±Æ
ode,·±≥·±∞·±Æ
ode,‡§ì‡§°‡•á
·±≥·±∞·±Æ,bird
merom,goat
‡§Æ‡•á‡§∞‡•ã‡§Æ,·±¢·±Æ·±®·±ö·±¢
merom,·±¢·±Æ·±®·±ö·±¢
merom,‡§Æ‡•á‡§∞‡•ã‡§Æ
·±¢·±Æ·±®·±ö·±¢,goat
urig,ox/bull
‡§â‡§∞‡§ø‡§ó,·±©·±®·±§·±ú
urig,·±©·±®·±§·±ú
urig,‡§â‡§∞‡§ø‡§ó
·±©·±®·±§·±ú,ox/bull
katu,knife
‡§ï‡§æ‡§§‡•Å,·±†·±ü·±¥·±©
katu,·±†·±ü·±¥·±©
katu,‡§ï‡§æ‡§§‡•Å
·±†·±ü·±¥·±©,knife
sadom,horse
‡§∏‡§¶‡•ã‡§Æ,·±•·±ü·±∞·±ö·±¢
sadom,·±•·±ü·±∞·±ö·±¢
sadom,‡§∏‡§¶‡•ã‡§Æ
·±•·±ü·±∞·±ö·±¢,horse
kulla,tiger
‡§ï‡•Å‡§≤‡•ç‡§≤‡§æ,·±†·±©·±û·±û·±ü
kulla,·±†·±©·±û·±û·±ü
kulla,‡§ï‡•Å‡§≤‡•ç‡§≤‡§æ
·±†·±©·±û·±û·±ü,tiger
okta,where
‡§ì‡§ï‡§§‡§æ,·±≥·±†·±õ·±ü
okta,·±≥·±†·±õ·±ü
okta,‡§ì‡§ï‡§§‡§æ
·±≥·±†·±õ·±ü,where
bhit,Wall
‡§≠‡•Ä‡§§,·±µ·±§·±õ
bhit,·±µ·±§·±õ
bhit,‡§≠‡•Ä‡§§
·±µ·±§·±õ,Wall
roko,fly
‡§∞‡•ã‡§ï‡•ã,·±®·±ö·±†·±≥
roko,·±®·±ö·±†·±≥
roko,‡§∞‡•ã‡§ï‡•ã
·±®·±ö·±†·±≥,fly
nidir,termite
‡§®‡§ø‡§¶‡§ø‡§∞,·±±·±§·±∞·±§·±®
nidir,·±±·±§·±∞·±§·±®
nidir,‡§®‡§ø‡§¶‡§ø‡§∞
·±±·±§·±∞·±§·±®,termite
sim,Chicken 
‡§∏‡§ø‡§Æ,·±•·±§·±¢
sim,·±•·±§·±¢
sim,‡§∏‡§ø‡§Æ
·±•·±§·±¢,Chicken 
doya,back
‡§¶‡•ã‡§Ø‡§æ,·±∞·±≥·±≠·±ü
doya,·±∞·±≥·±≠·±ü
doya,‡§¶‡•ã‡§Ø‡§æ
·±∞·±≥·±≠·±ü,back
kata,legs
‡§ï‡§æ‡§ü‡§æ,·±†·±ü·±¥·±ü
kata,·±†·±ü·±¥·±ü
kata,‡§ï‡§æ‡§ü‡§æ
·±†·±ü·±¥·±ü,legs
sarsar,fingers 
‡§∏‡§∞‡•ç‡§∏‡§∞,·±•·±ü·±®·±•·±ü·±®
sarsar,·±•·±ü·±®·±•·±ü·±®
sarsar,‡§∏‡§∞‡•ç‡§∏‡§∞
·±•·±ü·±®·±•·±ü·±®,fingers 
lutur,ear
‡§≤‡•Å‡§§‡•Å‡§∞,·±û·±©·±¥·±©·±®
lutur,·±û·±©·±¥·±©·±®
lutur,‡§≤‡•Å‡§§‡•Å‡§∞
·±û·±©·±¥·±©·±®,ear
ubb,hair
‡§â‡§¨‡•ç‡§¨,·±©·±µ·±µ
ubb,·±©·±µ·±µ
ubb,‡§â‡§¨‡•ç‡§¨
·±©·±µ·±µ,hair
hoto,neck
‡§π‡•ã‡§ü‡•ã,·±¶·±≥·±¥·±≥
hoto,·±¶·±≥·±¥·±≥
hoto,‡§π‡•ã‡§ü‡•ã
·±¶·±≥·±¥·±≥,neck
heda,late
‡§π‡•á‡§°‡§º‡§æ,·±¶·±Æ·±∞·±ü
heda,·±¶·±Æ·±∞·±ü
heda,‡§π‡•á‡§°‡§º‡§æ
·±¶·±Æ·±∞·±ü,late
chimnang,how much/how many
‡§ö‡§ø‡§Æ‡§®‡§æ‡§Ç‡§ó,·±™·±§·±¢·±±·±ü·±ù
chimnang,·±™·±§·±¢·±±·±ü·±ù
chimnang,‡§ö‡§ø‡§Æ‡§®‡§æ‡§Ç‡§ó
·±™·±§·±¢·±±·±ü·±ù,how much/how many
pit,market
‡§™‡§ø‡§ü,·±Ø·±§·±õ
pit,·±Ø·±§·±õ
pit,‡§™‡§ø‡§ü
·±Ø·±§·±õ,market
kahagi,no
‡§ï‡§æ‡§π‡§æ‡§ó‡•Ä, ·±†·±ö·±¶·±ü·±ú·±§
kahagi, ·±†·±ö·±¶·±ü·±ú·±§
kahagi,‡§ï‡§æ‡§π‡§æ‡§ó‡•Ä
 ·±†·±ö·±¶·±ü·±ú·±§,no
aleya,our
‡§Ö‡§≤‡•á‡§Ø‡§æ,·±ü·±û·±Æ·±≠·±ü
aleya,·±ü·±û·±Æ·±≠·±ü
aleya,‡§Ö‡§≤‡•á‡§Ø‡§æ
·±ü·±û·±Æ·±≠·±ü,our
nimir,nowdays
‡§®‡§ø‡§Æ‡§ø‡§∞,·±±·±§·±¢·±§·±®
nimir,·±±·±§·±¢·±§·±®
nimir,‡§®‡§ø‡§Æ‡§ø‡§∞
·±±·±§·±¢·±§·±®,nowdays
bano,no
‡§¨‡§æ‡§®‡•ã,·±µ·±ü·±±·±≥
bano,·±µ·±ü·±±·±≥
bano,‡§¨‡§æ‡§®‡•ã
·±µ·±ü·±±·±≥,no
amaa,your
‡§Ö‡§Æ‡§æ,·±ü·±¢·±ü
amaa,·±ü·±¢·±ü
amaa,‡§Ö‡§Æ‡§æ
·±ü·±¢·±ü,your
uma,mother
‡§â‡§Æ‡§æ,·±©·±¢·±ü
uma,·±©·±¢·±ü
uma,‡§â‡§Æ‡§æ
·±©·±¢·±ü,mother
abaa,father
‡§Ö‡§¨‡§æ,·±ü·±µ·±ü
abaa,·±ü·±µ·±ü
abaa,‡§Ö‡§¨‡§æ
·±ü·±µ·±ü,father
o…ña,home
‡§ì‡•ú‡§æ,·±≥·±∞·±ü
o…ña,·±≥·±∞·±ü
o…ña,‡§ì‡•ú‡§æ
·±≥·±∞·±ü,home
okoy,Who
‡§ì‡§ï‡•ã‡§Ø,·±≥·±†·±≥·±≠
okoy,·±≥·±†·±≥·±≠
okoy,‡§ì‡§ï‡•ã‡§Ø
·±≥·±†·±≥·±≠,Who
dada,brother
‡§¶‡§æ‡§¶‡§æ,·±∞·±ü·±∞·±ü
dada,·±∞·±ü·±∞·±ü
dada,‡§¶‡§æ‡§¶‡§æ
·±∞·±ü·±∞·±ü,brother
kota,where
‡§ï‡•ã‡§§‡§æ,·±†·±≥·±õ·±ü
kota,·±†·±≥·±õ·±ü
kota,‡§ï‡•ã‡§§‡§æ
·±†·±≥·±õ·±ü,where
nutum,name
‡§®‡•Å‡§§‡•Å‡§Æ,·±±·±©·±¥·±©·±¢
nutum,·±±·±©·±¥·±©·±¢
nutum,‡§®‡•Å‡§§‡•Å‡§Æ
·±±·±©·±¥·±©·±¢,name
cina·∏•,what
‡§ö‡•Ä‡§®‡§æ‡§É,·±™·±§·±±·±ü·±π
cina·∏•,·±™·±§·±±·±ü·±π
cina·∏•,‡§ö‡•Ä‡§®‡§æ‡§É
·±™·±§·±±·±ü·±π,what
rey…ñ, Cold
‡§∞‡•á‡§Ø‡•ú,·±®·±Æ·±≠·±∞
rey…ñ,·±®·±Æ·±≠·±∞
rey…ñ,‡§∞‡•á‡§Ø‡•ú
·±®·±Æ·±≠·±∞, Cold
rabang,Cold Weather
‡§∞‡§¨‡§Ç‡§ó,·±®·±µ·±ü·±ù
rabang,·±®·±µ·±ü·±ù
rabang,‡§∞‡§¨‡§Ç‡§ó
·±®·±µ·±ü·±ù,Cold Weather
balbal,hot weather
‡§¨‡§≤‡§¨‡§≤,·±µ·±ü·±û·±µ·±ü·±û
balbal,·±µ·±ü·±û·±µ·±ü·±û
balbal,‡§¨‡§≤‡§¨‡§≤
·±µ·±ü·±û·±µ·±ü·±û,hot weather
situm,sunlight
‡§∏‡§ø‡§§‡•Å‡§Æ,·±•·±§·±¥·±©·±¢
situm,·±•·±§·±¥·±©·±¢
situm,‡§∏‡§ø‡§§‡•Å‡§Æ
·±•·±§·±¥·±©·±¢,sunlight
umbul,shade
‡§â‡§Æ‡•ç‡§¨‡•Å‡§≤,·±©·±¢·±µ·±©·±û
umbul,·±©·±¢·±µ·±©·±û
umbul,‡§â‡§Æ‡•ç‡§¨‡•Å‡§≤
·±©·±¢·±µ·±©·±û,shade
singi,day
‡§∏‡§ø‡§Ç‡§ó‡•Ä,·±•·±§·±ù·±ú·±§
singi,·±•·±§·±ù·±ú·±§
singi,‡§∏‡§ø‡§Ç‡§ó‡•Ä
·±•·±§·±ù·±ú·±§,day
ayub,night
‡§Ö‡§Ø‡•Å‡§¨,·±ü·±≠·±©·±µ
ayub,·±ü·±≠·±©·±µ
ayub,‡§Ö‡§Ø‡•Å‡§¨
·±ü·±≠·±©·±µ,night
Don't,alom
‡§Ü‡§≤‡•ã‡§Æ,·±ü·±û·±ö·±¢
Don't,·±ü·±û·±ö·±¢
Don't,‡§Ü‡§≤‡•ã‡§Æ
·±ü·±û·±ö·±¢,alom
cetan,Up
‡§ö‡•á‡§§‡§æ‡§®,·±™·±Æ·±¥·±ü·±±
cetan,·±™·±Æ·±¥·±ü·±±
cetan,‡§ö‡•á‡§§‡§æ‡§®
·±™·±Æ·±¥·±ü·±±,Up
To keep,To keep
‡§¶‡•ã‡§π‡•ã,·±´·±ö·±¶·±ö
To keep,·±´·±ö·±¶·±ö
To keep,‡§¶‡•ã‡§π‡•ã
·±´·±ö·±¶·±ö,To keep
katikan,little
‡§ï‡§ü‡§ø‡§ï‡§®,·±†·±õ·±§·±†·±ü·±±
katikan,·±†·±õ·±§·±†·±ü·±±
katikan,‡§ï‡§ü‡§ø‡§ï‡§®
·±†·±õ·±§·±†·±ü·±±,little
lthar,Down 
‡§≤‡§•‡§æ‡§∞,·±û·±õ·±ü·±®
lthar,·±û·±õ·±ü·±®
lthar,‡§≤‡§•‡§æ‡§∞
·±û·±õ·±ü·±®,Down 
muruk,A lot / Very much
‡§Æ‡•Å‡§∞‡•Å‡§ï,·±¢·±©·±®·±©·±†
muruk,·±¢·±©·±®·±©·±†
muruk,‡§Æ‡•Å‡§∞‡•Å‡§ï
·±¢·±©·±®·±©·±†,A lot / Very much
ising,today
‡§á‡§∏‡§ø‡§Ç‡§ó,·±§·±•·±§·±ù
ising,·±§·±•·±§·±ù
ising,‡§á‡§∏‡§ø‡§Ç‡§ó
·±§·±•·±§·±ù,today
chaha,tea
‡§ö‡§æ‡§π‡§æ,·±™·±ü·±¶·±ü
chaha,·±™·±ü·±¶·±ü
chaha,‡§ö‡§æ‡§π‡§æ
·±™·±ü·±¶·±ü,tea
utu,vegetable
‡§ä‡§§‡•Å,·±©·±¥·±©
utu,·±©·±¥·±©
utu,‡§ä‡§§‡•Å
·±©·±¥·±©,vegetable
dail,Lentils
‡§¶‡§æ‡§á‡§≤,·±´·±ü·±≠·±û
dail,·±´·±ü·±≠·±û
dail,‡§¶‡§æ‡§á‡§≤
·±´·±ü·±≠·±û,Lentils
jilu,meat
‡§ú‡•Ä‡§≤‡•Å,·±°·±§·±û·±©
jilu,·±°·±§·±û·±©
jilu,‡§ú‡•Ä‡§≤‡•Å
·±°·±§·±û·±©,meat
haku,fish
‡§π‡§æ‡§ï‡•Ç,·±¶·±ü·±†·±©
haku,·±¶·±ü·±†·±©
haku,‡§π‡§æ‡§ï‡•Ç
·±¶·±ü·±†·±©,fish
katkom,crab
‡§ï‡§ü‡§ï‡•ã‡§Æ,·±†·±ö·±õ·±†·±ö·±¢
katkom,·±†·±ö·±õ·±†·±ö·±¢
katkom,‡§ï‡§ü‡§ï‡•ã‡§Æ
·±†·±ö·±õ·±†·±ö·±¢,crab
a·∏ça,saag
‡§Ö‡§°‡§º‡§Ü,·±ü·±∞·±ü·±≠
a·∏ça,·±ü·±∞·±ü·±≠
a·∏ça,‡§Ö‡§°‡§º‡§Ü
·±ü·±∞·±ü·±≠,saag
sunum,oil
‡§∏‡•Å‡§®‡•Å‡§Æ,·±•·±©·±±·±©·±¢
sunum,·±•·±©·±±·±©·±¢
sunum,‡§∏‡•Å‡§®‡•Å‡§Æ
·±•·±©·±±·±©·±¢,oil
cini,sugar
‡§ö‡•Ä‡§®‡•Ä,·±™·±§·±±·±§
cini,·±™·±§·±±·±§
cini,‡§ö‡•Ä‡§®‡•Ä
·±™·±§·±±·±§,sugar
rasu·πá·∏çi,garlic
‡§∞‡§∏‡•Å‡§£‡•ç‡§°‡•Ä,·±®·±ü·±•·±©·±±·±∞·±§
rasu·πá·∏çi,·±®·±ü·±•·±©·±±·±∞·±§
rasu·πá·∏çi,‡§∞‡§∏‡•Å‡§£‡•ç‡§°‡•Ä
·±®·±ü·±•·±©·±±·±∞·±§,garlic
adi,Ginger
‡§Ü‡§¶‡§ø,·±ü·±∞·±§
adi,·±ü·±∞·±§
adi,‡§Ü‡§¶‡§ø
·±ü·±∞·±§,Ginger
tha·∏çi,plate
‡§•‡§æ‡•ú‡•Ä,·±õ·±ü·±∞·±§
tha·∏çi,·±õ·±ü·±∞·±§
tha·∏çi,‡§•‡§æ‡•ú‡•Ä
·±õ·±ü·±∞·±§,plate
·∏çubhni,bowl
‡§°‡•Å‡§≠‡§®‡•Ä,·±∞·±©·±µ·±∑·±±·±§
·∏çubhni,·±∞·±©·±µ·±∑·±±·±§
·∏çubhni,‡§°‡•Å‡§≠‡§®‡•Ä
·±∞·±©·±µ·±∑·±±·±§,bowl
sibil,tasty
‡§∏‡§ø‡§¨‡§ø‡§≤,·±•·±§·±µ·±§·±û
sibil,·±•·±§·±µ·±§·±û
sibil,‡§∏‡§ø‡§¨‡§ø‡§≤
·±•·±§·±µ·±§·±û,tasty
saba,Tasteless
‡§∏‡§¨‡§Ö:,·±•·±ü·±µ·±ü·±π
saba,·±•·±ü·±µ·±ü·±π
saba,‡§∏‡§¨‡§Ö:
·±•·±ü·±µ·±ü·±π,Tasteless
Hot (Spicy),ha·∏ça·∏ç
‡§π‡§°‡§º‡§¶,·±¶·±ü·±∞·±ü·±∞
Hot (Spicy),·±¶·±ü·±∞·±ü·±∞
Hot (Spicy),‡§π‡§°‡§º‡§¶
·±¶·±ü·±∞·±ü·±∞,ha·∏ça·∏ç
ha·π≠ing,Distribute 
‡§π‡§æ‡§ü‡§ø‡§Ç‡§ó,·±¶·±ü·±¥·±§·±ù
ha·π≠ing,·±¶·±ü·±¥·±§·±ù
ha·π≠ing,‡§π‡§æ‡§ü‡§ø‡§Ç‡§ó
·±¶·±ü·±¥·±§·±ù,Distribute 
isin,Cook
‡§á‡§∏‡§ø‡§®,·±§·±•·±§·±±
isin,·±§·±•·±§·±±
isin,‡§á‡§∏‡§ø‡§®
·±§·±•·±§·±±,Cook
dub,sit
‡§¶‡•Å‡§¨,·±´·±©·±µ
dub,·±´·±©·±µ
dub,‡§¶‡•Å‡§¨
·±´·±©·±µ,sit
abung,wash
‡§Ö‡§¨‡•Å‡§Ç‡§ó,·±ü·±µ·±©·±ù
abung,·±ü·±µ·±©·±ù
abung,‡§Ö‡§¨‡•Å‡§Ç‡§ó
·±ü·±µ·±©·±ù,wash
tii:,hand
‡§§‡•Ä‡§á:,·±õ·±§·±§·±π
tii:,·±õ·±§·±§·±π
tii:,‡§§‡•Ä‡§á:
·±õ·±§·±§·±π,hand
Cleaning Utensils,gasar
‡§ó‡§∏‡§∞,·±ú·±ü·±•·±ü·±®
Cleaning Utensils,·±ú·±ü·±•·±ü·±®
Cleaning Utensils,‡§ó‡§∏‡§∞
·±ú·±ü·±•·±ü·±®,gasar
meher,Bitter
‡§Æ‡•á‡§π‡•á‡§∞,·±¢·±Æ·±¶·±Æ·±®
meher,·±¢·±Æ·±¶·±Æ·±®
meher,‡§Æ‡•á‡§π‡•á‡§∞
·±¢·±Æ·±¶·±Æ·±®,Bitter
rey·∫°·∏ç da:,cold water
‡§∞‡•á‡§Ø‡§°‡§º ‡§¶‡§Ö:,·±®·±Æ·±≠·±∞ ·±´·±ü·±π
rey·∫°·∏ç da:,·±®·±Æ·±≠·±∞ ·±´·±ü·±π
rey·∫°·∏ç da:,‡§∞‡•á‡§Ø‡§°‡§º ‡§¶‡§Ö:
·±®·±Æ·±≠·±∞ ·±´·±ü·±π,cold water
lolo da:,hot water
‡§≤‡•ã‡§≤‡•ã ‡§¶‡§Ö:,·±û·±ö·±û·±ö ·±´·±ü·±π
lolo da:,·±û·±ö·±û·±ö ·±´·±ü·±π
lolo da:,‡§≤‡•ã‡§≤‡•ã ‡§¶‡§Ö:
·±û·±ö·±û·±ö ·±´·±ü·±π,hot water
bing,snake
‡§¨‡•Ä‡§Ç‡§ó,·±µ·±§·±ù
bing,·±µ·±§·±ù
bing,‡§¨‡•Ä‡§Ç‡§ó
·±µ·±§·±ù,snake
choke,frog
‡§ö‡•ã‡§ï‡•á,·±™·±ö·±†·±Æ
choke,·±™·±ö·±†·±Æ
choke,‡§ö‡•ã‡§ï‡•á
·±™·±ö·±†·±Æ,frog
tuyu,fox
‡§§‡•Å‡§Ø‡•Å,·±õ·±©·±≠·±©
tuyu,·±õ·±©·±≠·±©
tuyu,‡§§‡•Å‡§Ø‡•Å
·±õ·±©·±≠·±©,fox
sukri,pig
‡§∏‡•Å‡§ï‡§∞‡•Ä,·±•·±©·±†·±®·±§
sukri,·±•·±©·±†·±®·±§
sukri,‡§∏‡•Å‡§ï‡§∞‡•Ä
·±•·±©·±†·±®·±§,pig
mindi,sheep
‡§Æ‡§ø‡§Ç‡§°‡•Ä,·±¢·±§·±ù·±∞·±§
mindi,·±¢·±§·±ù·±∞·±§
mindi,‡§Æ‡§ø‡§Ç‡§°‡•Ä
·±¢·±§·±ù·±∞·±§,sheep
sandi,Rooster
‡§∏‡§æ‡§Ç‡§°‡•Ä,·±•·±ü·±±·±∞·±§
sandi,·±•·±ü·±±·±∞·±§
sandi,‡§∏‡§æ‡§Ç‡§°‡•Ä
·±•·±ü·±±·±∞·±§,Rooster
khasi,goat
‡§ñ‡§æ‡§∏‡•Ä,·±†·±∑·±ü·±•·±§
khasi,·±†·±∑·±ü·±•·±§
khasi,‡§ñ‡§æ‡§∏‡•Ä
·±†·±∑·±ü·±•·±§,goat
ranu,Medicine
‡§∞‡§æ‡§®‡•Ç,·±®·±ü·±±·±©
ranu,·±®·±ü·±±·±©
ranu,‡§∞‡§æ‡§®‡•Ç
·±®·±ü·±±·±©,Medicine
billai,cat
‡§¨‡§ø‡§≤‡•ç‡§≤‡§à,·±µ·±§·±û·±û·±ü·±≠
billai,·±µ·±§·±û·±û·±ü·±≠
billai,‡§¨‡§ø‡§≤‡•ç‡§≤‡§à
·±µ·±§·±û·±û·±ü·±≠,cat
keda,buffalo
‡§ï‡•á‡§°‡§æ,·±†·±Æ·±∞·±ü
keda,·±†·±Æ·±∞·±ü
keda,‡§ï‡•á‡§°‡§æ
·±†·±Æ·±∞·±ü,buffalo
seta,morning
‡§∏‡•á‡§§‡§Ö:,·±•·±Æ·±¥·±ü:
seta,·±•·±Æ·±¥·±ü:
seta,‡§∏‡•á‡§§‡§Ö:
·±•·±Æ·±¥·±ü:,morning
meyang hulang,Day After Tomorrow
‡§Æ‡•á‡§Ø‡§æ‡§Ç‡§ó ‡§π‡•Å‡§≤‡§æ‡§Ç‡§ó,·±¢·±Æ·±≠·±ü·±ù ·±¶·±©·±û·±ü·±ù
meyang hulang,·±¢·±Æ·±≠·±ü·±ù ·±¶·±©·±û·±ü·±ù
meyang hulang,‡§Æ‡•á‡§Ø‡§æ‡§Ç‡§ó ‡§π‡•Å‡§≤‡§æ‡§Ç‡§ó
·±¢·±Æ·±≠·±ü·±ù ·±¶·±©·±û·±ü·±ù,Day After Tomorrow
hola,yesterday
‡§π‡•ã‡§≤‡§æ,·±¶·±ö·±û·±ü
hola,·±¶·±ö·±û·±ü
hola,‡§π‡•ã‡§≤‡§æ
·±¶·±ö·±û·±ü,yesterday
ising / tising,today
‡§á‡§∏‡§ø‡§Ç‡§ó / ‡§§‡§ø‡§∏‡§ø‡§Ç‡§ó,·±§·±•·±§·±ù / ·±¥·±§·±•·±§·±ù
ising / tising,·±§·±•·±§·±ù / ·±¥·±§·±•·±§·±ù
ising / tising,‡§á‡§∏‡§ø‡§Ç‡§ó / ‡§§‡§ø‡§∏‡§ø‡§Ç‡§ó
·±§·±•·±§·±ù / ·±¥·±§·±•·±§·±ù,today
thala nida,midnight
‡§•‡§æ‡§≤‡§æ ‡§®‡§ø‡§¶‡§æ,·±õ·±ü·±û·±ü ·±±·±§·±∞·±ü
thala nida,·±õ·±ü·±û·±ü ·±±·±§·±∞·±ü
thala nida,‡§•‡§æ‡§≤‡§æ ‡§®‡§ø‡§¶‡§æ
·±õ·±ü·±û·±ü ·±±·±§·±∞·±ü,midnight
holather,Day Before Yesterday
‡§π‡•ã‡§≤‡§æ‡§•‡•á‡§∞,·±¶·±ö·±û·±ü·±õ·±Æ·±®
holather,·±¶·±ö·±û·±ü·±õ·±Æ·±®
holather,‡§π‡•ã‡§≤‡§æ‡§•‡•á‡§∞
·±¶·±ö·±û·±ü·±õ·±Æ·±®,Day Before Yesterday
gappa,Tomorrow
‡§ó‡§™‡•ç‡§™‡§æ,·±ú·±ü·±Ø·±Ø·±ü
gappa,·±ú·±ü·±Ø·±Ø·±ü
gappa,‡§ó‡§™‡•ç‡§™‡§æ
·±ú·±ü·±Ø·±Ø·±ü,Tomorrow
janaw,always
‡§ú‡§®‡§æ‡§µ,·±°·±ü·±±·±ü·±£
janaw,·±°·±ü·±±·±ü·±£
janaw,‡§ú‡§®‡§æ‡§µ
·±°·±ü·±±·±ü·±£,always
oko hulang,which day
‡§ì‡§ï‡•ã ‡§π‡•Å‡§≤‡§æ‡§Ç‡§ó,·±≥·±†·±≥ ·±¶·±©·±û·±ü·±ù
oko hulang,·±≥·±†·±≥ ·±¶·±©·±û·±ü·±ù
oko hulang,‡§ì‡§ï‡•ã ‡§π‡•Å‡§≤‡§æ‡§Ç‡§ó
·±≥·±†·±≥ ·±¶·±©·±û·±ü·±ù,which day
chiula, Which Day
‡§ö‡§ø‡§â‡§≤‡§æ,·±™·±§·±©·±û·±ü
chiula,·±™·±§·±©·±û·±ü
chiula,‡§ö‡§ø‡§â‡§≤‡§æ
·±™·±§·±©·±û·±ü, Which Day
nudum,Evening
‡§®‡•Å‡§¶‡•Å‡§Æ,·±±·±©·±∞·±©·±¢
nudum,·±±·±©·±∞·±©·±¢
nudum,‡§®‡•Å‡§¶‡•Å‡§Æ
·±±·±©·±∞·±©·±¢,Evening
gede,duck
‡§ó‡•á‡§°‡•á,·±ú·±Æ·±∞·±Æ
gede,·±ú·±Æ·±∞·±Æ
gede,‡§ó‡•á‡§°‡•á
·±ú·±Æ·±∞·±Æ,duck
bhadudi,bat
‡§≠‡§æ‡§¶‡•Å‡§°‡•Ä,·±µ·±∑·±ü·±∞·±©·±∞·±§
bhadudi,·±µ·±∑·±ü·±∞·±©·±∞·±§
bhadudi,‡§≠‡§æ‡§¶‡•Å‡§°‡•Ä
·±µ·±∑·±ü·±∞·±©·±∞·±§,bat
Pigeon,peagon
‡§™‡•Å‡§§‡§Æ,·±Ø·±©·±¥·±ö·±¢
Pigeon,·±Ø·±©·±¥·±ö·±¢
Pigeon,‡§™‡•Å‡§§‡§Æ
·±Ø·±©·±¥·±ö·±¢,peagon
maraa,Peacock
‡§Æ‡§∞‡§æ‡§Ö:,·±¢·±ü·±®·±ü·±ö
maraa,·±¢·±ü·±®·±ü·±ö
maraa,‡§Æ‡§∞‡§æ‡§Ö:
·±¢·±ü·±®·±ü·±ö,Peacock
gidi,Vulture
‡§ó‡§ø‡§¶‡•Ä,·±ú·±§·±∞·±§
gidi,·±ú·±§·±∞·±§
gidi,‡§ó‡§ø‡§¶‡•Ä
·±ú·±§·±∞·±§,Vulture
sugga,parrot
‡§∏‡•Å‡§ó‡•ç‡§ó‡§æ,·±•·±©·±ú·±ú·±ü
sugga,·±•·±©·±ú·±ú·±ü
sugga,‡§∏‡•Å‡§ó‡•ç‡§ó‡§æ
·±•·±©·±ú·±ú·±ü,parrot
alu,potato
‡§Ü‡§≤‡•Å,·±ü·±û·±©
alu,·±ü·±û·±©
alu,‡§Ü‡§≤‡•Å
·±ü·±û·±©,potato
toko,tomato
‡§ü‡•ã‡§ï‡•ã,·±¥·±ö·±†·±ö
toko,·±¥·±ö·±†·±ö
toko,‡§ü‡•ã‡§ï‡•ã
·±¥·±ö·±†·±ö,tomato
gol bhata,tomato
‡§ó‡•ã‡§≤ ‡§≠‡§ü‡§æ,·±ú·±ö·±û ·±µ·±∑·±ü·±¥·±ü
gol bhata,·±ú·±ö·±û ·±µ·±∑·±ü·±¥·±ü
gol bhata,‡§ó‡•ã‡§≤ ‡§≠‡§ü‡§æ
·±ú·±ö·±û ·±µ·±∑·±ü·±¥·±ü,tomato
pyaj,onion 
‡§™‡•ç‡§Ø‡§æ‡§ú,·±Ø·±≠·±ü·±°
pyaj,·±Ø·±≠·±ü·±°
pyaj,‡§™‡•ç‡§Ø‡§æ‡§ú
·±Ø·±≠·±ü·±°,onion 
bhedwa,lady finger/okra
‡§≠‡•á‡§°‡§º‡§µ‡§æ,·±µ·±∑·±Æ·±∞·±£·±ü
bhedwa,·±µ·±∑·±Æ·±∞·±£·±ü
bhedwa,‡§≠‡•á‡§°‡§º‡§µ‡§æ
·±µ·±∑·±Æ·±∞·±£·±ü,lady finger/okra
Morai,radish
‡§Æ‡•ã‡§∞‡§æ‡§à,‡§Æ‡•ã‡§∞‡§æ‡§à
Morai,‡§Æ‡•ã‡§∞‡§æ‡§à
Morai,‡§Æ‡•ã‡§∞‡§æ‡§à
‡§Æ‡•ã‡§∞‡§æ‡§à,radish
tayor,cucmber
‡§§‡§Ø‡§∞,·±õ·±ü·±≠·±ö·±®
tayor,·±õ·±ü·±≠·±ö·±®
tayor,‡§§‡§Ø‡§∞
·±õ·±ü·±≠·±ö·±®,cucmber
louwa,bottle gourd
‡§≤‡§â‡§µ‡§æ,·±û·±ö·±£·±ü
louwa,·±û·±ö·±£·±ü
louwa,‡§≤‡§â‡§µ‡§æ
·±û·±ö·±£·±ü,bottle gourd
suku,pumpkin
‡§∏‡•Å‡§ï‡•Å,·±•·±©·±†·±©
suku,·±•·±©·±†·±©
suku,‡§∏‡•Å‡§ï‡•Å
·±•·±©·±†·±©,pumpkin
marchi,chili
‡§Æ‡§∞‡§ö‡§ø,·±¢·±ü·±®·±™·±§
marchi,·±¢·±ü·±®·±™·±§
marchi,‡§Æ‡§∞‡§ö‡§ø
·±¢·±ü·±®·±™·±§,chili
palak adaa,spinach
‡§™‡§≤‡§Ç‡§ï‡§æ ‡§Ö‡•ú‡§Ü:,·±Ø·±ü·±û·±ü·±ù·±†·±ü ·±ü·±∞·±ü:
palak adaa,·±Ø·±ü·±û·±ü·±ù·±†·±ü ·±ü·±∞·±ü:
palak adaa,‡§™‡§≤‡§Ç‡§ï‡§æ ‡§Ö‡•ú‡§Ü:
·±Ø·±ü·±û·±ü·±ù·±†·±ü ·±ü·±∞·±ü:,spinach
munu,january
‡§Æ‡•Å‡§®‡•Å,·±¢·±©·±±·±©
munu,·±¢·±©·±±·±©
munu,‡§Æ‡•Å‡§®‡•Å
·±¢·±©·±±·±©,january
pagu,february
‡§™‡§æ‡§ó‡•Å,·±Ø·±ü·±ú·±©
pagu,·±Ø·±ü·±ú·±©
pagu,‡§™‡§æ‡§ó‡•Å
·±Ø·±ü·±ú·±©,february
ba,march
‡§¨‡§æ,·±µ·±ü
ba,·±µ·±ü
ba,‡§¨‡§æ
·±µ·±ü,march
piramaili,april
‡§™‡§ø‡§∞‡§Æ‡§á‡§≤‡•Ä,·±Ø·±§·±®·±¢·±ü·±≠·±§·±û·±§
piramaili,·±Ø·±§·±®·±¢·±ü·±≠·±§·±û·±§
piramaili,‡§™‡§ø‡§∞‡§Æ‡§á‡§≤‡•Ä
·±Ø·±§·±®·±¢·±ü·±≠·±§·±û·±§,april
jete,may
‡§ú‡•á‡§ü‡•á,·±°·±Æ·±¥·±Æ
jete,·±°·±Æ·±¥·±Æ
jete,‡§ú‡•á‡§ü‡•á
·±°·±Æ·±¥·±Æ,may
judka,june
‡§ú‡•Å‡•ú‡§ï‡§æ,·±°·±©·±∞·±†·±ü
judka,·±°·±©·±∞·±†·±ü
judka,‡§ú‡•Å‡•ú‡§ï‡§æ
·±°·±©·±∞·±†·±ü,june
jalika,july
‡§ú‡§≤‡§ø‡§ï‡§æ,·±°·±ü·±û·±§·±†·±ü
jalika,·±°·±ü·±û·±§·±†·±ü
jalika,‡§ú‡§≤‡§ø‡§ï‡§æ
·±°·±ü·±û·±§·±†·±ü,july
sagita,august
‡§∏‡§ó‡§ø‡§§‡§æ,·±•·±ú·±§·±õ·±ü
sagita,·±•·±ú·±§·±õ·±ü
sagita,‡§∏‡§ó‡§ø‡§§‡§æ
·±•·±ú·±§·±õ·±ü,august
sutiom,septmeber
‡§∏‡•Å‡§§‡§ø‡§Ö‡§Æ,·±•·±©·±¥·±§·±ö·±¢
sutiom,·±•·±©·±¥·±§·±ö·±¢
sutiom,‡§∏‡•Å‡§§‡§ø‡§Ö‡§Æ
·±•·±©·±¥·±§·±ö·±¢,septmeber
indi,october
‡§á‡§Ç‡§¶‡§ø,·±§·±±·±∞·±§
indi,·±§·±±·±∞·±§
indi,‡§á‡§Ç‡§¶‡§ø
·±§·±±·±∞·±§,october
agahan,november
‡§Ö‡§ó‡§π‡§®,·±ü·±ú·±∑·±ü·±±
agahan,·±ü·±ú·±∑·±ü·±±
agahan,‡§Ö‡§ó‡§π‡§®
·±ü·±ú·±∑·±ü·±±,november
mage,december
‡§Æ‡§æ‡§ó‡•á,·±¢·±ü·±ú·±Æ
mage,·±¢·±ü·±ú·±Æ
mage,‡§Æ‡§æ‡§ó‡•á
·±¢·±ü·±ú·±Æ,december
haga,brother
‡§π‡§æ‡§ó‡§æ,·±¶·±ü·±ú·±ü
haga,·±¶·±ü·±ú·±ü
haga,‡§π‡§æ‡§ó‡§æ
·±¶·±ü·±ú·±ü,brother
dada,elder brother
‡§¶‡§æ‡§¶‡§æ,·±∞·±ü·±∞·±ü
dada,·±∞·±ü·±∞·±ü
dada,‡§¶‡§æ‡§¶‡§æ
·±∞·±ü·±∞·±ü,elder brother
misi,sister
‡§Æ‡§ø‡§∏‡•Ä,·±¢·±§·±•·±§
misi,·±¢·±§·±•·±§
misi,‡§Æ‡§ø‡§∏‡•Ä
·±¢·±§·±•·±§,sister
nana,elder sister
‡§®‡§æ‡§®‡§æ,·±±·±ü·±±·±ü
nana,·±±·±ü·±±·±ü
nana,‡§®‡§æ‡§®‡§æ
·±±·±ü·±±·±ü,elder sister
kaka,Uncle
‡§ï‡§ï‡§æ,·±†·±ü·±†·±ü
kaka,·±†·±ü·±†·±ü
kaka,‡§ï‡§ï‡§æ
·±†·±ü·±†·±ü,Uncle
kaki,aunty
‡§ï‡§ï‡•Ä,·±†·±ü·±†·±§
kaki,·±†·±ü·±†·±§
kaki,‡§ï‡§ï‡•Ä
·±†·±ü·±†·±§,aunty
mamu,Maternal Uncle
‡§Æ‡§Æ‡•Å,·±¢·±ü·±¢·±©
mamu,·±¢·±ü·±¢·±©
mamu,‡§Æ‡§Æ‡•Å
·±¢·±ü·±¢·±©,Maternal Uncle
mami,Maternal Aunty
‡§Æ‡§Æ‡•Ä,·±¢·±ü·±¢·±§
mami,·±¢·±ü·±¢·±§
mami,‡§Æ‡§Æ‡•Ä
·±¢·±ü·±¢·±§,Maternal Aunty
hili,Wife of Elder Brother
‡§π‡§ø‡§≤‡§ø,·±¶·±§·±û·±§
hili,·±¶·±§·±û·±§
hili,‡§π‡§ø‡§≤‡§ø
·±¶·±§·±û·±§,Wife of Elder Brother
gati,friend
‡§ó‡§æ‡§§‡•Ä,·±ú·±ü·±õ·±§
gati,·±ú·±ü·±õ·±§
gati,‡§ó‡§æ‡§§‡•Ä
·±ú·±ü·±õ·±§,friend
kan·π≠ha·πõ,jackfruit
‡§ï‡§Ç‡§†‡§°‡§º,·±†·±ü·±ß·±õ·±ö·±∞
kan·π≠ha·πõ,·±†·±ü·±ß·±õ·±ö·±∞
kan·π≠ha·πõ,‡§ï‡§Ç‡§†‡§°‡§º
·±†·±ü·±ß·±õ·±ö·±∞,jackfruit
bar hisi miyad,Forty-one
‡§¨‡§∞ ‡§π‡§ø‡§∏‡§ø ‡§Æ‡§ø‡§Ø‡§¶,·±î·±ë
bar hisi miyad,·±î·±ë
bar hisi miyad,‡§¨‡§∞ ‡§π‡§ø‡§∏‡§ø ‡§Æ‡§ø‡§Ø‡§¶
·±î·±ë,Forty-one
bar hisi bariya,Forty-two
‡§¨‡§∞ ‡§π‡§ø‡§∏‡§ø ‡§¨‡§∞‡§ø‡§Ø‡§æ,·±î·±í
bar hisi bariya,·±î·±í
bar hisi bariya,‡§¨‡§∞ ‡§π‡§ø‡§∏‡§ø ‡§¨‡§∞‡§ø‡§Ø‡§æ
·±î·±í,Forty-two
bar hisi apiya,Forty-three
‡§¨‡§∞ ‡§π‡§ø‡§∏‡§ø ‡§Ö‡§™‡§ø‡§Ø‡§æ,·±î·±ì
bar hisi apiya,·±î·±ì
bar hisi apiya,‡§¨‡§∞ ‡§π‡§ø‡§∏‡§ø ‡§Ö‡§™‡§ø‡§Ø‡§æ
·±î·±ì,Forty-three
bar hisi upna,Forty-four
‡§¨‡§∞ ‡§π‡§ø‡§∏‡§ø ‡§â‡§™‡§®‡§æ,·±î·±î
bar hisi upna,·±î·±î
bar hisi upna,‡§¨‡§∞ ‡§π‡§ø‡§∏‡§ø ‡§â‡§™‡§®‡§æ
·±î·±î,Forty-four
bar hisi modeya,Forty-five
‡§¨‡§∞ ‡§π‡§ø‡§∏‡§ø ‡§Æ‡•ã‡•ú‡•á‡§Ø‡§æ,·±î·±ï
bar hisi modeya,·±î·±ï
bar hisi modeya,‡§¨‡§∞ ‡§π‡§ø‡§∏‡§ø ‡§Æ‡•ã‡•ú‡•á‡§Ø‡§æ
·±î·±ï,Forty-five
bar hisi turiya,Forty-six
‡§¨‡§∞ ‡§π‡§ø‡§∏‡§ø ‡§§‡•Å‡§∞‡§ø‡§Ø‡§æ,·±î·±ñ
bar hisi turiya,·±î·±ñ
bar hisi turiya,‡§¨‡§∞ ‡§π‡§ø‡§∏‡§ø ‡§§‡•Å‡§∞‡§ø‡§Ø‡§æ
·±î·±ñ,Forty-six
bar hisi eya,Forty-seven
‡§¨‡§∞ ‡§π‡§ø‡§∏‡§ø ‡§è‡§Ø‡§æ,·±î·±ó
bar hisi eya,·±î·±ó
bar hisi eya,‡§¨‡§∞ ‡§π‡§ø‡§∏‡§ø ‡§è‡§Ø‡§æ
·±î·±ó,Forty-seven
bar hisi erliya,Forty-eight
‡§¨‡§∞ ‡§π‡§ø‡§∏‡§ø ‡§è‡§∞‡§≤‡§ø‡§Ø‡§æ,·±î·±ò
bar hisi erliya,·±î·±ò
bar hisi erliya,‡§¨‡§∞ ‡§π‡§ø‡§∏‡§ø ‡§è‡§∞‡§≤‡§ø‡§Ø‡§æ
·±î·±ò,Forty-eight
bar hisi ariya,Forty-nine
‡§¨‡§∞ ‡§π‡§ø‡§∏‡§ø ‡§Ö‡§∞‡§ø‡§Ø‡§æ ,·±î·±ô
bar hisi ariya,·±î·±ô
bar hisi ariya,‡§¨‡§∞ ‡§π‡§ø‡§∏‡§ø ‡§Ö‡§∞‡§ø‡§Ø‡§æ 
·±î·±ô,Forty-nine
bar hisi geleya,Fifty
‡§¨‡§∞ ‡§π‡§ø‡§∏‡§ø ‡§ó‡•á‡§≤‡•á‡§Ø‡§æ,·±ï·±ê
bar hisi geleya,·±ï·±ê
bar hisi geleya,‡§¨‡§∞ ‡§π‡§ø‡§∏‡§ø ‡§ó‡•á‡§≤‡•á‡§Ø‡§æ
·±ï·±ê,Fifty
madukam ,Mahua
‡§Æ‡§π‡•Å‡§Ü,·±¢·±ü·±´·±©·±†·±ü·±¢
madukam ,·±¢·±ü·±´·±©·±†·±ü·±¢
madukam ,‡§Æ‡§π‡•Å‡§Ü
·±¢·±ü·±´·±©·±†·±ü·±¢,Mahua
bar hisi gel miyad,Fifty-One
‡§¨‡§∞ ‡§π‡§ø‡§∏‡§ø ‡§ó‡•á‡§≤ ‡§Æ‡§ø‡§Ø‡§¶,·±ï·±ë
bar hisi gel miyad,·±ï·±ë
bar hisi gel miyad,‡§¨‡§∞ ‡§π‡§ø‡§∏‡§ø ‡§ó‡•á‡§≤ ‡§Æ‡§ø‡§Ø‡§¶
·±ï·±ë,Fifty-One
bar hisi gel bariya,Fifty-two
‡§¨‡§∞ ‡§π‡§ø‡§∏‡§ø ‡§ó‡•á‡§≤ ‡§¨‡§∞‡§ø‡§Ø‡§æ,·±ï·±í
bar hisi gel bariya,·±ï·±í
bar hisi gel bariya,‡§¨‡§∞ ‡§π‡§ø‡§∏‡§ø ‡§ó‡•á‡§≤ ‡§¨‡§∞‡§ø‡§Ø‡§æ
·±ï·±í,Fifty-two
bar hisi gel apiya,Fifty-three
‡§¨‡§∞ ‡§π‡§ø‡§∏‡§ø ‡§ó‡•á‡§≤ ‡§Ö‡§™‡§ø‡§Ø‡§æ,·±ï·±ì
bar hisi gel apiya,·±ï·±ì
bar hisi gel apiya,‡§¨‡§∞ ‡§π‡§ø‡§∏‡§ø ‡§ó‡•á‡§≤ ‡§Ö‡§™‡§ø‡§Ø‡§æ
·±ï·±ì,Fifty-three
bar hisi gel upna,Fifty-four
‡§¨‡§∞ ‡§π‡§ø‡§∏‡§ø ‡§ó‡•á‡§≤ ‡§â‡§™‡§®‡§æ,·±ï·±î
bar hisi gel upna,·±ï·±î
bar hisi gel upna,‡§¨‡§∞ ‡§π‡§ø‡§∏‡§ø ‡§ó‡•á‡§≤ ‡§â‡§™‡§®‡§æ
·±ï·±î,Fifty-four
bar hisi gel modeya,Fifty-five
‡§¨‡§∞ ‡§π‡§ø‡§∏‡§ø ‡§ó‡•á‡§≤ ‡§Æ‡•ã‡•ú‡•á‡§Ø‡§æ,·±ï·±ï
bar hisi gel modeya,·±ï·±ï
bar hisi gel modeya,‡§¨‡§∞ ‡§π‡§ø‡§∏‡§ø ‡§ó‡•á‡§≤ ‡§Æ‡•ã‡•ú‡•á‡§Ø‡§æ
·±ï·±ï,Fifty-five
bar hisi gel turiya,Fifty-six
‡§¨‡§∞ ‡§π‡§ø‡§∏‡§ø ‡§ó‡•á‡§≤ ‡§§‡•Å‡§∞‡§ø‡§Ø‡§æ,·±ï·±ñ
bar hisi gel turiya,·±ï·±ñ
bar hisi gel turiya,‡§¨‡§∞ ‡§π‡§ø‡§∏‡§ø ‡§ó‡•á‡§≤ ‡§§‡•Å‡§∞‡§ø‡§Ø‡§æ
·±ï·±ñ,Fifty-six
bar hisi gel eya,Fifty-seven
‡§¨‡§∞ ‡§π‡§ø‡§∏‡§ø ‡§ó‡•á‡§≤ ‡§è‡§Ø‡§æ,·±ï·±ó
bar hisi gel eya,·±ï·±ó
bar hisi gel eya,‡§¨‡§∞ ‡§π‡§ø‡§∏‡§ø ‡§ó‡•á‡§≤ ‡§è‡§Ø‡§æ
·±ï·±ó,Fifty-seven
bar hisi gel erliya,Fifty-Eight
‡§¨‡§∞ ‡§π‡§ø‡§∏‡§ø ‡§ó‡•á‡§≤ ‡§è‡§∞‡§≤‡§ø‡§Ø‡§æ,·±ï·±ò
bar hisi gel erliya,·±ï·±ò
bar hisi gel erliya,‡§¨‡§∞ ‡§π‡§ø‡§∏‡§ø ‡§ó‡•á‡§≤ ‡§è‡§∞‡§≤‡§ø‡§Ø‡§æ
·±ï·±ò,Fifty-Eight
bar hisi gel ariya,Fifty-nine
‡§¨‡§∞ ‡§π‡§ø‡§∏‡§ø ‡§ó‡•á‡§≤ ‡§Ö‡§∞‡§ø‡§Ø‡§æ,·±ï·±ô
bar hisi gel ariya,·±ï·±ô
bar hisi gel ariya,‡§¨‡§∞ ‡§π‡§ø‡§∏‡§ø ‡§ó‡•á‡§≤ ‡§Ö‡§∞‡§ø‡§Ø‡§æ
·±ï·±ô,Fifty-nine
api hisi,sixty
‡§Ö‡§™‡§ø ‡§π‡§ø‡§∏‡§ø,·±ñ·±ê
api hisi,·±ñ·±ê
api hisi,‡§Ö‡§™‡§ø ‡§π‡§ø‡§∏‡§ø
·±ñ·±ê,sixty
api hisi miyad,sixty-one
‡§Ö‡§™‡§ø ‡§π‡§ø‡§∏‡§ø ‡§Æ‡§ø‡§Ø‡§¶,·±ñ·±ë
api hisi miyad,·±ñ·±ë
api hisi miyad,‡§Ö‡§™‡§ø ‡§π‡§ø‡§∏‡§ø ‡§Æ‡§ø‡§Ø‡§¶
·±ñ·±ë,sixty-one
api hisi bariya,sixty-two
‡§Ö‡§™‡§ø ‡§π‡§ø‡§∏‡§ø ‡§¨‡§∞‡§ø‡§Ø‡§æ,·±ñ·±í
api hisi bariya,·±ñ·±í
api hisi bariya,‡§Ö‡§™‡§ø ‡§π‡§ø‡§∏‡§ø ‡§¨‡§∞‡§ø‡§Ø‡§æ
·±ñ·±í,sixty-two
api hisi apiya,sixty-three
‡§Ö‡§™‡§ø ‡§π‡§ø‡§∏‡§ø ‡§Ö‡§™‡§ø‡§Ø‡§æ,·±ñ·±ì
api hisi apiya,·±ñ·±ì
api hisi apiya,‡§Ö‡§™‡§ø ‡§π‡§ø‡§∏‡§ø ‡§Ö‡§™‡§ø‡§Ø‡§æ
·±ñ·±ì,sixty-three
api hisi upna,sixty-four
‡§Ö‡§™‡§ø ‡§π‡§ø‡§∏‡§ø ‡§â‡§™‡§®‡§æ,·±ñ·±î
api hisi upna,·±ñ·±î
api hisi upna,‡§Ö‡§™‡§ø ‡§π‡§ø‡§∏‡§ø ‡§â‡§™‡§®‡§æ
·±ñ·±î,sixty-four
api hisi modeya,sixty-five
‡§Ö‡§™‡§ø ‡§π‡§ø‡§∏‡§ø ‡§Æ‡•ã‡•ú‡•á‡§Ø‡§æ,·±ñ·±ï
api hisi modeya,·±ñ·±ï
api hisi modeya,‡§Ö‡§™‡§ø ‡§π‡§ø‡§∏‡§ø ‡§Æ‡•ã‡•ú‡•á‡§Ø‡§æ
·±ñ·±ï,sixty-five
api hisi turiya,sixty-six
‡§Ö‡§™‡§ø ‡§π‡§ø‡§∏‡§ø ‡§§‡•Å‡§∞‡§ø‡§Ø‡§æ,·±ñ·±ñ
api hisi turiya,·±ñ·±ñ
api hisi turiya,‡§Ö‡§™‡§ø ‡§π‡§ø‡§∏‡§ø ‡§§‡•Å‡§∞‡§ø‡§Ø‡§æ
·±ñ·±ñ,sixty-six
api hisi eya,sixty-seven
‡§Ö‡§™‡§ø ‡§π‡§ø‡§∏‡§ø ‡§è‡§Ø‡§æ,·±ñ·±ó
api hisi eya,·±ñ·±ó
api hisi eya,‡§Ö‡§™‡§ø ‡§π‡§ø‡§∏‡§ø ‡§è‡§Ø‡§æ
·±ñ·±ó,sixty-seven
api hisi erliya,sixty-eight
‡§Ö‡§™‡§ø ‡§π‡§ø‡§∏‡§ø ‡§è‡§∞‡§≤‡§ø‡§Ø‡§æ,·±ñ·±ò
api hisi erliya,·±ñ·±ò
api hisi erliya,‡§Ö‡§™‡§ø ‡§π‡§ø‡§∏‡§ø ‡§è‡§∞‡§≤‡§ø‡§Ø‡§æ
·±ñ·±ò,sixty-eight
api hisi ariya,sixty-nine
‡§Ö‡§™‡§ø ‡§π‡§ø‡§∏‡§ø ‡§Ö‡§∞‡§ø‡§Ø‡§æ,·±ñ·±ô
api hisi ariya,·±ñ·±ô
api hisi ariya,‡§Ö‡§™‡§ø ‡§π‡§ø‡§∏‡§ø ‡§Ö‡§∞‡§ø‡§Ø‡§æ
·±ñ·±ô,sixty-nine
api hisi geleya,seventy
‡§Ö‡§™‡§ø ‡§π‡§ø‡§∏‡§ø ‡§ó‡•á‡§≤‡•á‡§Ø‡§æ,·±ó·±ê
api hisi geleya,·±ó·±ê
api hisi geleya,‡§Ö‡§™‡§ø ‡§π‡§ø‡§∏‡§ø ‡§ó‡•á‡§≤‡•á‡§Ø‡§æ
·±ó·±ê,seventy
upun hisi miyad,Eighty-One
‡§â‡§™‡•Å‡§® ‡§π‡§ø‡§∏‡§ø ‡§Æ‡§ø‡§Ø‡§¶,·±ò·±ë
upun hisi miyad,·±ò·±ë
upun hisi miyad,‡§â‡§™‡•Å‡§® ‡§π‡§ø‡§∏‡§ø ‡§Æ‡§ø‡§Ø‡§¶
·±ò·±ë,Eighty-One
upun hisi bariya,Eighty-two
‡§â‡§™‡•Å‡§® ‡§π‡§ø‡§∏‡§ø ‡§¨‡§∞‡§ø‡§Ø‡§æ,·±ò·±í
upun hisi bariya,·±ò·±í
upun hisi bariya,‡§â‡§™‡•Å‡§® ‡§π‡§ø‡§∏‡§ø ‡§¨‡§∞‡§ø‡§Ø‡§æ
·±ò·±í,Eighty-two
upun hisi apiya,Eighty-three
‡§â‡§™‡•Å‡§® ‡§π‡§ø‡§∏‡§ø ‡§Ö‡§™‡§ø‡§Ø‡§æ,·±ò·±ì
upun hisi apiya,·±ò·±ì
upun hisi apiya,‡§â‡§™‡•Å‡§® ‡§π‡§ø‡§∏‡§ø ‡§Ö‡§™‡§ø‡§Ø‡§æ
·±ò·±ì,Eighty-three
upun hisi upna,Eighty-four
‡§â‡§™‡•Å‡§® ‡§π‡§ø‡§∏‡§ø ‡§â‡§™‡§®‡§æ,·±ò·±î
upun hisi upna,·±ò·±î
upun hisi upna,‡§â‡§™‡•Å‡§® ‡§π‡§ø‡§∏‡§ø ‡§â‡§™‡§®‡§æ
·±ò·±î,Eighty-four
upun hisi modeya,Eighty-five
‡§â‡§™‡•Å‡§® ‡§π‡§ø‡§∏‡§ø ‡§Æ‡•ã‡•ú‡•á‡§Ø‡§æ,·±ò·±ï
upun hisi modeya,·±ò·±ï
upun hisi modeya,‡§â‡§™‡•Å‡§® ‡§π‡§ø‡§∏‡§ø ‡§Æ‡•ã‡•ú‡•á‡§Ø‡§æ
·±ò·±ï,Eighty-five
upun hisi turiya,Eighty-six
‡§â‡§™‡•Å‡§® ‡§π‡§ø‡§∏‡§ø ‡§§‡•Å‡§∞‡§ø‡§Ø‡§æ,·±ò·±ñ
upun hisi turiya,·±ò·±ñ
upun hisi turiya,‡§â‡§™‡•Å‡§® ‡§π‡§ø‡§∏‡§ø ‡§§‡•Å‡§∞‡§ø‡§Ø‡§æ
·±ò·±ñ,Eighty-six
upun hisi eya,Eighty-seven
‡§â‡§™‡•Å‡§® ‡§π‡§ø‡§∏‡§ø ‡§è‡§Ø‡§æ,·±ò·±ó
upun hisi eya,·±ò·±ó
upun hisi eya,‡§â‡§™‡•Å‡§® ‡§π‡§ø‡§∏‡§ø ‡§è‡§Ø‡§æ
·±ò·±ó,Eighty-seven
upun hisi erliya,Eighty-eight
‡§â‡§™‡•Å‡§® ‡§π‡§ø‡§∏‡§ø ‡§è‡§∞‡§≤‡§ø‡§Ø‡§æ,·±ò·±ò
upun hisi erliya,·±ò·±ò
upun hisi erliya,‡§â‡§™‡•Å‡§® ‡§π‡§ø‡§∏‡§ø ‡§è‡§∞‡§≤‡§ø‡§Ø‡§æ
·±ò·±ò,Eighty-eight
upun hisi ariya,Eighty-nine
‡§â‡§™‡•Å‡§® ‡§π‡§ø‡§∏‡§ø ‡§Ö‡§∞‡§ø‡§Ø‡§æ,·±ò·±ô
upun hisi ariya,·±ò·±ô
upun hisi ariya,‡§â‡§™‡•Å‡§® ‡§π‡§ø‡§∏‡§ø ‡§Ö‡§∞‡§ø‡§Ø‡§æ
·±ò·±ô,Eighty-nine
upun hisi geleya,ninty
‡§â‡§™‡•Å‡§® ‡§π‡§ø‡§∏‡§ø ‡§ó‡•á‡§≤‡•á‡§Ø‡§æ,·±ô·±ê
upun hisi geleya,·±ô·±ê
upun hisi geleya,‡§â‡§™‡•Å‡§® ‡§π‡§ø‡§∏‡§ø ‡§ó‡•á‡§≤‡•á‡§Ø‡§æ
·±ô·±ê,ninty
api hisi gel miyad,Seventy-One
‡§Ö‡§™‡§ø ‡§π‡§ø‡§∏‡§ø ‡§ó‡•á‡§≤ ‡§Æ‡§ø‡§Ø‡§¶,·±ó·±ë
api hisi gel miyad,·±ó·±ë
api hisi gel miyad,‡§Ö‡§™‡§ø ‡§π‡§ø‡§∏‡§ø ‡§ó‡•á‡§≤ ‡§Æ‡§ø‡§Ø‡§¶
·±ó·±ë,Seventy-One
api hisi gel bariya,seventy-two
‡§Ö‡§™‡§ø ‡§π‡§ø‡§∏‡§ø ‡§ó‡•á‡§≤ ‡§¨‡§∞‡§ø‡§Ø‡§æ,·±ó·±í
api hisi gel bariya,·±ó·±í
api hisi gel bariya,‡§Ö‡§™‡§ø ‡§π‡§ø‡§∏‡§ø ‡§ó‡•á‡§≤ ‡§¨‡§∞‡§ø‡§Ø‡§æ
·±ó·±í,seventy-two
api hisi gel apiya,seventy-three
‡§Ö‡§™‡§ø ‡§π‡§ø‡§∏‡§ø ‡§ó‡•á‡§≤ ‡§Ö‡§™‡§ø‡§Ø‡§æ,·±ó·±ì
api hisi gel apiya,·±ó·±ì
api hisi gel apiya,‡§Ö‡§™‡§ø ‡§π‡§ø‡§∏‡§ø ‡§ó‡•á‡§≤ ‡§Ö‡§™‡§ø‡§Ø‡§æ
·±ó·±ì,seventy-three
api hisi gel upna,seventy-four
‡§Ö‡§™‡§ø ‡§π‡§ø‡§∏‡§ø ‡§ó‡•á‡§≤ ‡§â‡§™‡§®‡§æ,·±ó·±î
api hisi gel upna,·±ó·±î
api hisi gel upna,‡§Ö‡§™‡§ø ‡§π‡§ø‡§∏‡§ø ‡§ó‡•á‡§≤ ‡§â‡§™‡§®‡§æ
·±ó·±î,seventy-four
api hisi gel modeya,seventy-five
‡§Ö‡§™‡§ø ‡§π‡§ø‡§∏‡§ø ‡§ó‡•á‡§≤ ‡§Æ‡•ã‡•ú‡•á‡§Ø‡§æ,·±ó·±ï
api hisi gel modeya,·±ó·±ï
api hisi gel modeya,‡§Ö‡§™‡§ø ‡§π‡§ø‡§∏‡§ø ‡§ó‡•á‡§≤ ‡§Æ‡•ã‡•ú‡•á‡§Ø‡§æ
·±ó·±ï,seventy-five
api hisi gel turiya,seventy-six
‡§Ö‡§™‡§ø ‡§π‡§ø‡§∏‡§ø ‡§ó‡•á‡§≤ ‡§§‡•Å‡§∞‡§ø‡§Ø‡§æ,·±ó·±ñ
api hisi gel turiya,·±ó·±ñ
api hisi gel turiya,‡§Ö‡§™‡§ø ‡§π‡§ø‡§∏‡§ø ‡§ó‡•á‡§≤ ‡§§‡•Å‡§∞‡§ø‡§Ø‡§æ
·±ó·±ñ,seventy-six
api hisi gel eya,seventy-seven
‡§Ö‡§™‡§ø ‡§π‡§ø‡§∏‡§ø ‡§ó‡•á‡§≤ ‡§è‡§Ø‡§æ,·±ó·±ó
api hisi gel eya,·±ó·±ó
api hisi gel eya,‡§Ö‡§™‡§ø ‡§π‡§ø‡§∏‡§ø ‡§ó‡•á‡§≤ ‡§è‡§Ø‡§æ
·±ó·±ó,seventy-seven
api hisi gel erliya,seventy-eight
‡§Ö‡§™‡§ø ‡§π‡§ø‡§∏‡§ø ‡§ó‡•á‡§≤ ‡§è‡§∞‡§≤‡§ø‡§Ø‡§æ,·±ó·±ò
api hisi gel erliya,·±ó·±ò
api hisi gel erliya,‡§Ö‡§™‡§ø ‡§π‡§ø‡§∏‡§ø ‡§ó‡•á‡§≤ ‡§è‡§∞‡§≤‡§ø‡§Ø‡§æ
·±ó·±ò,seventy-eight
api hisi gel ariya,seventy-nine
‡§Ö‡§™‡§ø ‡§π‡§ø‡§∏‡§ø ‡§ó‡•á‡§≤ ‡§Ö‡§∞‡§ø‡§Ø‡§æ,·±ó·±ô
api hisi gel ariya,·±ó·±ô
api hisi gel ariya,‡§Ö‡§™‡§ø ‡§π‡§ø‡§∏‡§ø ‡§ó‡•á‡§≤ ‡§Ö‡§∞‡§ø‡§Ø‡§æ
·±ó·±ô,seventy-nine
api hisi gel ariya,eighty
‡§â‡§™‡•Å‡§® ‡§π‡§ø‡§∏‡§ø,·±ò·±ê
api hisi gel ariya,·±ò·±ê
api hisi gel ariya,‡§â‡§™‡•Å‡§® ‡§π‡§ø‡§∏‡§ø
·±ò·±ê,eighty
upun hisi gel miyad,ninety-one
‡§â‡§™‡•Å‡§® ‡§π‡§ø‡§∏‡§ø ‡§ó‡•á‡§≤ ‡§Æ‡§ø‡§Ø‡§¶,·±ô·±ë
upun hisi gel miyad,·±ô·±ë
upun hisi gel miyad,‡§â‡§™‡•Å‡§® ‡§π‡§ø‡§∏‡§ø ‡§ó‡•á‡§≤ ‡§Æ‡§ø‡§Ø‡§¶
·±ô·±ë,ninety-one
upun hisi gel bariya,ninety-two
‡§â‡§™‡•Å‡§® ‡§π‡§ø‡§∏‡§ø ‡§ó‡•á‡§≤ ‡§¨‡§∞‡§ø‡§Ø‡§æ,·±ô·±í
upun hisi gel bariya,·±ô·±í
upun hisi gel bariya,‡§â‡§™‡•Å‡§® ‡§π‡§ø‡§∏‡§ø ‡§ó‡•á‡§≤ ‡§¨‡§∞‡§ø‡§Ø‡§æ
·±ô·±í,ninety-two
upun hisi gel apiya,ninety-three
‡§â‡§™‡•Å‡§® ‡§π‡§ø‡§∏‡§ø ‡§ó‡•á‡§≤ ‡§Ö‡§™‡§ø‡§Ø‡§æ,·±ô·±ì
upun hisi gel apiya,·±ô·±ì
upun hisi gel apiya,‡§â‡§™‡•Å‡§® ‡§π‡§ø‡§∏‡§ø ‡§ó‡•á‡§≤ ‡§Ö‡§™‡§ø‡§Ø‡§æ
·±ô·±ì,ninety-three
upun hisi gel upna,ninety-four
‡§â‡§™‡•Å‡§® ‡§π‡§ø‡§∏‡§ø ‡§ó‡•á‡§≤ ‡§â‡§™‡§®‡§æ,·±ô·±î
upun hisi gel upna,·±ô·±î
upun hisi gel upna,‡§â‡§™‡•Å‡§® ‡§π‡§ø‡§∏‡§ø ‡§ó‡•á‡§≤ ‡§â‡§™‡§®‡§æ
·±ô·±î,ninety-four
upun hisi gel modeya,ninety-five
‡§â‡§™‡•Å‡§® ‡§π‡§ø‡§∏‡§ø ‡§ó‡•á‡§≤ ‡§Æ‡•ã‡•ú‡•á‡§Ø‡§æ,·±ô·±ï
upun hisi gel modeya,·±ô·±ï
upun hisi gel modeya,‡§â‡§™‡•Å‡§® ‡§π‡§ø‡§∏‡§ø ‡§ó‡•á‡§≤ ‡§Æ‡•ã‡•ú‡•á‡§Ø‡§æ
·±ô·±ï,ninety-five
upun hisi gel turiya,ninety-six
‡§â‡§™‡•Å‡§® ‡§π‡§ø‡§∏‡§ø ‡§ó‡•á‡§≤ ‡§§‡•Å‡§∞‡§ø‡§Ø‡§æ,·±ô·±ñ
upun hisi gel turiya,·±ô·±ñ
upun hisi gel turiya,‡§â‡§™‡•Å‡§® ‡§π‡§ø‡§∏‡§ø ‡§ó‡•á‡§≤ ‡§§‡•Å‡§∞‡§ø‡§Ø‡§æ
·±ô·±ñ,ninety-six
upun hisi gel eya,ninety-seven
‡§â‡§™‡•Å‡§® ‡§π‡§ø‡§∏‡§ø ‡§ó‡•á‡§≤ ‡§è‡§Ø‡§æ,·±ô·±ó
upun hisi gel eya,·±ô·±ó
upun hisi gel eya,‡§â‡§™‡•Å‡§® ‡§π‡§ø‡§∏‡§ø ‡§ó‡•á‡§≤ ‡§è‡§Ø‡§æ
·±ô·±ó,ninety-seven
upun hisi gel erliya,ninety-eight
‡§â‡§™‡•Å‡§® ‡§π‡§ø‡§∏‡§ø ‡§ó‡•á‡§≤ ‡§è‡§∞‡§≤‡§ø‡§Ø‡§æ,·±ô·±ò
upun hisi gel erliya,·±ô·±ò
upun hisi gel erliya,‡§â‡§™‡•Å‡§® ‡§π‡§ø‡§∏‡§ø ‡§ó‡•á‡§≤ ‡§è‡§∞‡§≤‡§ø‡§Ø‡§æ
·±ô·±ò,ninety-eight
upun hisi gel ariya,ninety-nine
‡§â‡§™‡•Å‡§® ‡§π‡§ø‡§∏‡§ø ‡§ó‡•á‡§≤ ‡§Ö‡§∞‡§ø‡§Ø‡§æ,·±ô·±ô
upun hisi gel ariya,·±ô·±ô
upun hisi gel ariya,‡§â‡§™‡•Å‡§® ‡§π‡§ø‡§∏‡§ø ‡§ó‡•á‡§≤ ‡§Ö‡§∞‡§ø‡§Ø‡§æ
·±ô·±ô,ninety-nine
moden hisi / mod sei, hundred
‡§Æ‡•ã‡•ú‡•á‡§Ç ‡§π‡§ø‡§∏‡§ø / ‡§Æ‡•ã‡§¶ ‡§∏‡•à,·±ë·±ê·±ê
moden hisi / mod sei,·±ë·±ê·±ê
moden hisi / mod sei,‡§Æ‡•ã‡•ú‡•á‡§Ç ‡§π‡§ø‡§∏‡§ø / ‡§Æ‡•ã‡§¶ ‡§∏‡•à
·±ë·±ê·±ê, hundred
mocha,mouth
‡§Æ‡•ã‡§ö‡§æ,·±¢·±ö·±™·±ü
mocha,·±¢·±ö·±™·±ü
mocha,‡§Æ‡•ã‡§ö‡§æ
·±¢·±ö·±™·±ü,mouth
aalang,Tongue
‡§Ü‡§≤‡§Ç‡§ó, ·±ü·±û·±ö·±ù
aalang, ·±ü·±û·±ö·±ù
aalang,‡§Ü‡§≤‡§Ç‡§ó
 ·±ü·±û·±ö·±ù,Tongue
kudum,Chest
‡§ï‡•Å‡§°‡§Æ,·±†·±©·±∞·±¢
kudum,·±†·±©·±∞·±¢
kudum,‡§ï‡•Å‡§°‡§Æ
·±†·±©·±∞·±¢,Chest
laajh,Stomach
‡§≤‡§æ‡§ú‡§É,·±û·±ü·±°·±∑
laajh,·±û·±ü·±°·±∑
laajh,‡§≤‡§æ‡§ú‡§É
·±û·±ü·±°·±∑,Stomach
chapal,bums/butts
‡§ö‡§™‡§≤,·±™·±ü·±Ø·±û
chapal,·±™·±ü·±Ø·±û
chapal,‡§ö‡§™‡§≤
·±™·±ü·±Ø·±û,bums/butts
jangh,thigh
‡§ú‡§æ‡§Ç‡§ó,·±°·±ü·±ù
jangh,·±°·±ü·±ù
jangh,‡§ú‡§æ‡§Ç‡§ó
·±°·±ü·±ù,thigh
ho·πõmo,Body
‡§π‡•ã‡§°‡§º‡§Æ‡•ã,·±¶·±ö·±∞·±¢·±ö
ho·πõmo,·±¶·±ö·±∞·±¢·±ö
ho·πõmo,‡§π‡•ã‡§°‡§º‡§Æ‡•ã
·±¶·±ö·±∞·±¢·±ö,Body
muku·πõi,Knees
‡§Æ‡•Å‡§ï‡•Å‡§°‡§º‡•Ä,·±¢·±©·±†·±©·±∞·±§
muku·πõi,·±¢·±©·±†·±©·±∞·±§
muku·πõi,‡§Æ‡•Å‡§ï‡•Å‡§°‡§º‡•Ä
·±¢·±©·±†·±©·±∞·±§,Knees
ramƒÅh,nails
‡§∞‡§Æ‡§æ‡§É,·±®·±ü·±¢·±ü·±¶
ramƒÅh,·±®·±ü·±¢·±ü·±¶
ramƒÅh,‡§∞‡§Æ‡§æ‡§É
·±®·±ü·±¢·±ü·±¶,nails
mayƒÅng,Hips
‡§Æ‡§Ø‡§æ‡§Ç‡§ó,·±¢·±ü·±≠·±ü·±ù
mayƒÅng,·±¢·±ü·±≠·±ü·±ù
mayƒÅng,‡§Æ‡§Ø‡§æ‡§Ç‡§ó
·±¢·±ü·±≠·±ü·±ù,Hips
jowa,Cheeks
‡§ú‡•ã‡§µ‡§æ,·±°·±ö·±£·±ü
jowa,·±°·±ö·±£·±ü
jowa,‡§ú‡•ã‡§µ‡§æ
·±°·±ö·±£·±ü,Cheeks
molong,forehead
‡§Æ‡•ã‡§≤‡•ã‡§Ç‡§ó,·±¢·±ö·±û·±ö·±ù
molong,·±¢·±ö·±û·±ö·±ù
molong,‡§Æ‡•ã‡§≤‡•ã‡§Ç‡§ó
·±¢·±ö·±û·±ö·±ù,forehead
med,eyes
‡§Æ‡•á‡§¶,·±¢·±Æ·±∞
med,·±¢·±Æ·±∞
med,‡§Æ‡•á‡§¶
·±¢·±Æ·±∞,eyes
muhu,nose
‡§Æ‡•Å‡§π‡•Ç,·±¢·±©·±¶·±©
muhu,·±¢·±©·±¶·±©
muhu,‡§Æ‡•Å‡§π‡•Ç
·±¢·±©·±¶·±©,nose
tetang,Thirsty
‡§§‡•á‡§§‡§Ç‡§ó,·±õ·±Æ·±õ·±ü·±ù
tetang,·±õ·±Æ·±õ·±ü·±ù
tetang,‡§§‡•á‡§§‡§Ç‡§ó
·±õ·±Æ·±õ·±ü·±ù,Thirsty
re·πÖge,Hungry
‡§∞‡•á‡§Ç‡§ó‡•á,·±®·±Æ·±ù·±ú·±Æ
re·πÖge,·±®·±Æ·±ù·±ú·±Æ
re·πÖge,‡§∞‡•á‡§Ç‡§ó‡•á
·±®·±Æ·±ù·±ú·±Æ,Hungry
gitil,sand
‡§ó‡§ø‡§§‡§ø‡§≤,·±ú·±§·±õ·±§·±û
gitil,·±ú·±§·±õ·±§·±û
gitil,‡§ó‡§ø‡§§‡§ø‡§≤
·±ú·±§·±õ·±§·±û,sand
hassƒÅ,Clay
‡§π‡§∏‡•ç‡§∏‡§æ,·±¶·±ü·±•·±•·±ü
hassƒÅ,·±¶·±ü·±•·±•·±ü
hassƒÅ,‡§π‡§∏‡•ç‡§∏‡§æ
·±¶·±ü·±•·±•·±ü,Clay
gƒÅ·πõhƒÅ,valley(depth)
‡§ó‡§æ‡§¢‡§º‡§æ,·±ú·±ü·±∞·±∑·±ü
gƒÅ·πõhƒÅ,·±ú·±ü·±∞·±∑·±ü
gƒÅ·πõhƒÅ,‡§ó‡§æ‡§¢‡§º‡§æ
·±ú·±ü·±∞·±∑·±ü,valley(depth)
sandak,Road
‡§∏‡§Ç‡§°‡§ï,·±•·±ü·±±·±´·±ü·±†
sandak,·±•·±ü·±±·±´·±ü·±†
sandak,‡§∏‡§Ç‡§°‡§ï
·±•·±ü·±±·±´·±ü·±†,Road
pƒ´·πõhƒ´,Agricultural Land
‡§™‡•Ä‡§¢‡§º‡•Ä,·±Ø·±§·±∞·±§
pƒ´·πõhƒ´,·±Ø·±§·±∞·±§
pƒ´·πõhƒ´,‡§™‡•Ä‡§¢‡§º‡•Ä
·±Ø·±§·±∞·±§,Agricultural Land
maidƒÅn,Playground
‡§Æ‡•à‡§¶‡§®,·±¢·±Æ·±´·±ü·±±
maidƒÅn,·±¢·±Æ·±´·±ü·±±
maidƒÅn,‡§Æ‡•à‡§¶‡§®
·±¢·±Æ·±´·±ü·±±,Playground
kuƒÅÃÉ,well
‡§ï‡•Å‡§Ü‡§Å,·±†·±©·±£·±ü
kuƒÅÃÉ,·±†·±©·±£·±ü
kuƒÅÃÉ,‡§ï‡•Å‡§Ü‡§Å
·±†·±©·±£·±ü,well
nƒÅi,river
‡§®‡§æ‡§á,·±±·±ü·±≠
nƒÅi,·±±·±ü·±≠
nƒÅi,‡§®‡§æ‡§á
·±±·±ü·±≠,river
pƒ´t-pƒ´·πõhƒ´,market-place
‡§™‡•Ä‡§ü-‡§™‡•Ä‡§¢‡§º‡•Ä,·±Ø·±§·±õ-·±Ø·±§·±∞·±§
pƒ´t-pƒ´·πõhƒ´,·±Ø·±§·±õ-·±Ø·±§·±∞·±§
pƒ´t-pƒ´·πõhƒ´,‡§™‡•Ä‡§ü-‡§™‡•Ä‡§¢‡§º‡•Ä
·±Ø·±§·±õ-·±Ø·±§·±∞·±§,market-place
bƒÅndƒÅ,lake
‡§¨‡§æ‡§Å‡§¶‡§æ,·±µ·±ü·±±·±´·±ü
bƒÅndƒÅ,·±µ·±ü·±±·±´·±ü
bƒÅndƒÅ,‡§¨‡§æ‡§Å‡§¶‡§æ
·±µ·±ü·±±·±´·±ü,lake
Jeth,Summer
‡§ú‡•á‡§†,·±°·±Æ·±õ
Jeth,·±°·±Æ·±õ
Jeth,‡§ú‡•á‡§†
·±°·±Æ·±õ,Summer
Jargi,Rainy
‡§ú‡§∞‡§ó‡•Ä,·±°·±ü·±®·±ú·±§
Jargi,·±°·±ü·±®·±ú·±§
Jargi,‡§ú‡§∞‡§ó‡•Ä
·±°·±ü·±®·±ú·±§,Rainy
Ba,Spring
‡§¨‡§æ,·±µ·±ü
Ba,·±µ·±ü
Ba,‡§¨‡§æ
·±µ·±ü,Spring
sakam,Leaf
‡§∏‡§ï‡§Æ,·±•·±ü·±†·±ü·±¢
sakam,·±•·±ü·±†·±ü·±¢
sakam,‡§∏‡§ï‡§Æ
·±•·±ü·±†·±ü·±¢,Leaf
sakom,Bangles
‡§∏‡§æ‡§ï‡•ã‡§Æ,·±•·±ü·±†·±ö·±¢
sakom,·±•·±ü·±†·±ö·±¢
sakom,‡§∏‡§æ‡§ï‡•ã‡§Æ
·±•·±ü·±†·±ö·±¢,Bangles
susun,dance
‡§∏‡•Å‡§∏‡•Å‡§®,·±•·±©·±•·±©·±±
susun,·±•·±©·±•·±©·±±
susun,‡§∏‡•Å‡§∏‡•Å‡§®
·±•·±©·±•·±©·±±,dance
durang,singing
‡§¶‡•Å‡§∞‡§ô‡•ç‡§ó,·±´·±©·±®·±ü·±ù
durang,·±´·±©·±®·±ü·±ù
durang,‡§¶‡•Å‡§∞‡§ô‡•ç‡§ó
·±´·±©·±®·±ü·±ù,singing
dumang,Mandar drum
‡§¶‡•Å‡§Æ‡§æ‡§ô,·±´·±©·±¢·±ü·±ù
dumang,·±´·±©·±¢·±ü·±ù
dumang,‡§¶‡•Å‡§Æ‡§æ‡§ô
·±´·±©·±¢·±ü·±ù,Mandar drum
sa·∏ç·∏çi / saddi,to play (instrument)
‡§∏‡§æ‡§°‡•ç‡§°‡•Ä,·±•·±ü·±∞·±∞·±§
sa·∏ç·∏çi / saddi,·±•·±ü·±∞·±∞·±§
sa·∏ç·∏çi / saddi,‡§∏‡§æ‡§°‡•ç‡§°‡•Ä
·±•·±ü·±∞·±∞·±§,to play (instrument)
paham,memory
‡§™‡§π‡§Æ,·±Ø·±ü·±¶·±ü·±¢
paham,·±Ø·±ü·±¶·±ü·±¢
paham,‡§™‡§π‡§Æ
·±Ø·±ü·±¶·±ü·±¢,memory
baru,kusum
‡§ï‡•Å‡§∏‡•Å‡§Æ,·±µ·±ü·±®·±©
baru,·±µ·±ü·±®·±©
baru,‡§ï‡•Å‡§∏‡•Å‡§Æ
·±µ·±ü·±®·±©,kusum
lowa,Fig
‡§≤‡•ã‡§µ‡§æ,·±û·±≥·±£·±ü
lowa,·±û·±≥·±£·±ü
lowa,‡§≤‡•ã‡§µ‡§æ
·±û·±≥·±£·±ü,Fig
tiril,Kend / Tendu (East Indian Ebony)
‡§ï‡•á‡§Ç‡§¶ / ‡§ï‡•á‡§®‡•ç‡§¶,·±õ·±§·±®·±§·±û
tiril,·±õ·±§·±®·±§·±û
tiril,‡§ï‡•á‡§Ç‡§¶ / ‡§ï‡•á‡§®‡•ç‡§¶
·±õ·±§·±®·±§·±û,Kend / Tendu (East Indian Ebony)
badi,Banyan tree
‡§¨‡§°‡§º‡§ø,·±µ·±ü·±´·±§
badi,·±µ·±ü·±´·±§
badi,‡§¨‡§°‡§º‡§ø
·±µ·±ü·±´·±§,Banyan tree
kera,banana
‡§ï‡•á‡§∞‡§æ,·±†·±Æ·±®·±ü
kera,·±†·±Æ·±®·±ü
kera,‡§ï‡•á‡§∞‡§æ
·±†·±Æ·±®·±ü,banana
soso,Cashew
‡§∏‡•ã‡§∏‡•ã,·±•·±ö·±•·±ö
soso,·±•·±ö·±•·±ö
soso,‡§∏‡•ã‡§∏‡•ã
·±•·±ö·±•·±ö,Cashew
daak,grape
‡§¶‡§æ‡§ï,·±´·±ü·±†
daak,·±´·±ü·±†
daak,‡§¶‡§æ‡§ï
·±´·±ü·±†,grape
nimbu,lemon 
‡§®‡§ø‡§Ç‡§¨‡•Å,·±±·±§·±¢·±µ·±©
nimbu,·±±·±§·±¢·±µ·±©
nimbu,‡§®‡§ø‡§Ç‡§¨‡•Å
·±±·±§·±¢·±µ·±©,lemon 
doola,Mahua fruit
‡§°‡•ã‡§≤‡§æ,·±´·±ö·±û·±ü
doola,·±´·±ö·±û·±ü
doola,‡§°‡•ã‡§≤‡§æ
·±´·±ö·±û·±ü,Mahua fruit
hesa,pakar
‡§π‡•á‡§∏‡§æ,·±¶·±Æ·±•·±ü
hesa,·±¶·±Æ·±•·±ü
hesa,‡§π‡•á‡§∏‡§æ
·±¶·±Æ·±•·±ü,pakar
dambha,dambha
‡§°‡§Ç‡§≠‡§æ,·±´·±ü·±¢·±µ·±∑·±ü
dambha,·±´·±ü·±¢·±µ·±∑·±ü
dambha,‡§°‡§Ç‡§≠‡§æ
·±´·±ü·±¢·±µ·±∑·±ü,dambha
kudi,Spade / Hoe (Farming Tool)
‡§ï‡•Å‡§°‡•ç‡§°‡•Ä,·±†·±©·±´·±§
kudi,·±†·±©·±´·±§
kudi,‡§ï‡•Å‡§°‡•ç‡§°‡•Ä
·±†·±©·±´·±§,Spade / Hoe (Farming Tool)
nayal,Plough
‡§®‡§Ø‡§æ‡§≤,·±±·±ü·±≠·±ü·±û
nayal,·±±·±ü·±≠·±ü·±û
nayal,‡§®‡§Ø‡§æ‡§≤
·±±·±ü·±≠·±ü·±û,Plough
sabad,Crowbar / Iron Rod / Pry bar
‡§∏‡§¨‡§°‡§º,·±•·±ü·±µ·±ü·±´
sabad,·±•·±ü·±µ·±ü·±´
sabad,‡§∏‡§¨‡§°‡§º
·±•·±ü·±µ·±ü·±´,Crowbar / Iron Rod / Pry bar
hake,Axe
‡§π‡§æ‡§ï‡•á,·±¶·±ü·±†·±Æ
hake,·±¶·±ü·±†·±Æ
hake,‡§π‡§æ‡§ï‡•á
·±¶·±ü·±†·±Æ,Axe
basila, Chisel / Small Axe (Basula)
‡§¨‡§∏‡§ø‡§≤‡§æ,·±µ·±ü·±•·±§·±û·±ü
basila,·±µ·±ü·±•·±§·±û·±ü
basila,‡§¨‡§∏‡§ø‡§≤‡§æ
·±µ·±ü·±•·±§·±û·±ü, Chisel / Small Axe (Basula)
aari,saw
‡§Ü‡§∞‡§ø,·±ü·±®·±§
aari,·±ü·±®·±§
aari,‡§Ü‡§∞‡§ø
·±ü·±®·±§,saw
buti,Navel / Belly Button
‡§¨‡•Å‡§ü‡•Ä,·±µ·±©·±¥·±§
buti,·±µ·±©·±¥·±§
buti,‡§¨‡•Å‡§ü‡•Ä
·±µ·±©·±¥·±§,Navel / Belly Button
racha ,Courtyard / Yard
‡§∞‡§ö‡§æ,·±®·±ü·±™·±ü
racha ,·±®·±ü·±™·±ü
racha ,‡§∞‡§ö‡§æ
·±®·±ü·±™·±ü,Courtyard / Yard
kolom,Threshing floor / Yard
‡§ï‡•ã‡§≤‡•ã‡§Æ,·±†·±ö·±û·±ö·±¢
kolom,·±†·±ö·±û·±ö·±¢
kolom,‡§ï‡•ã‡§≤‡•ã‡§Æ
·±†·±ö·±û·±ö·±¢,Threshing floor / Yard
pipidpium,Firefly / Glowworm
‡§™‡§ø‡§™‡•ç‡§°‡§™‡§ø‡§â‡§Æ,·±Ø·±§·±Ø·±´·±Ø·±§·±©·±¢
pipidpium,·±Ø·±§·±Ø·±´·±Ø·±§·±©·±¢
pipidpium,‡§™‡§ø‡§™‡•ç‡§°‡§™‡§ø‡§â‡§Æ
·±Ø·±§·±Ø·±´·±Ø·±§·±©·±¢,Firefly / Glowworm
mayom,Blood
‡§Æ‡§Ø‡•ã‡§Æ,·±¢·±ü·±≠·±ö·±¢
mayom,·±¢·±ü·±≠·±ö·±¢
mayom,‡§Æ‡§Ø‡•ã‡§Æ
·±¢·±ü·±≠·±ö·±¢,Blood
kamda,Blanket
‡§ï‡§Æ‡§°‡§º‡§æ,·±†·±ü·±¢·±´·±ü
kamda,·±†·±ü·±¢·±´·±ü
kamda,‡§ï‡§Æ‡§°‡§º‡§æ
·±†·±ü·±¢·±´·±ü,Blanket
datro,Sickle
‡§¶‡§æ‡§§‡•ç‡§∞‡•ã,·±´·±ü·±¥·±®·±ö
datro,·±´·±ü·±¥·±®·±ö
datro,‡§¶‡§æ‡§§‡•ç‡§∞‡•ã
·±´·±ü·±¥·±®·±ö,Sickle
balwa,Battle Axe / Large Axe (Pharsa)
‡§¨‡§≤‡•ç‡§µ‡§æ,·±µ·±ü·±û·±£·±ü
balwa,·±µ·±ü·±û·±£·±ü
balwa,‡§¨‡§≤‡•ç‡§µ‡§æ
·±µ·±ü·±û·±£·±ü,Battle Axe / Large Axe (Pharsa)
lizza,Clothes
‡§≤‡§ø‡§ú‡•ç‡§ú‡§æ,·±û·±§·±°·±°·±ü
lizza,·±û·±§·±°·±°·±ü
lizza,‡§≤‡§ø‡§ú‡•ç‡§ú‡§æ
·±û·±§·±°·±°·±ü,Clothes
hata,Winnowing Basket (Sup)
‡§π‡§ü‡§æ,·±¶·±ü·±õ·±ü
hata,·±¶·±ü·±õ·±ü
hata,‡§π‡§ü‡§æ
·±¶·±ü·±õ·±ü,Winnowing Basket (Sup)
Go·∏ço,Dirty
‡§ó‡•ã‡§°‡§º‡•ã,·±ú·±ö·±∞·±ö
Go·∏ço,·±ú·±ö·±∞·±ö
Go·∏ço,‡§ó‡•ã‡§°‡§º‡•ã
·±ú·±ö·±∞·±ö,Dirty
Parka,Far
‡§™‡§∞‡§ï‡§æ,·±Ø·±ü·±®·±†·±ü
Parka,·±Ø·±ü·±®·±†·±ü
Parka,‡§™‡§∞‡§ï‡§æ
·±Ø·±ü·±®·±†·±ü,Far
dela,Come
‡§¶‡•á‡§≤‡§æ,·±´·±Æ·±û·±ü
dela,·±´·±Æ·±û·±ü
dela,‡§¶‡•á‡§≤‡§æ
·±´·±Æ·±û·±ü,Come
Pharchi,clean
‡§´‡§∞‡§ö‡§ø,·±Ø·±∑·±ü·±®·±™·±§
Pharchi,·±Ø·±∑·±ü·±®·±™·±§
Pharchi,‡§´‡§∞‡§ö‡§ø
·±Ø·±∑·±ü·±®·±™·±§,clean
Hon Ko·∏ça,son
‡§π‡•ã‡§® ‡§ï‡•ã‡§°‡§º‡§æ,·±¶·±ö·±± ·±†·±ö·±∞·±ü
Hon Ko·∏ça,·±¶·±ö·±± ·±†·±ö·±∞·±ü
Hon Ko·∏ça,‡§π‡•ã‡§® ‡§ï‡•ã‡§°‡§º‡§æ
·±¶·±ö·±± ·±†·±ö·±∞·±ü,son
hon kudi,Daughter
‡§π‡•ã‡§® ‡§ï‡•Å‡§°‡§º‡•Ä,·±¶·±ö·±± ·±†·±©·±∞·±§
hon kudi,·±¶·±ö·±± ·±†·±©·±∞·±§
hon kudi,‡§π‡•ã‡§® ‡§ï‡•Å‡§°‡§º‡•Ä
·±¶·±ö·±± ·±†·±©·±∞·±§,Daughter
Mother-in-law,Hanar
‡§π‡§®‡§∞,·±¶·±ü·±±·±ü·±®
Mother-in-law,·±¶·±ü·±±·±ü·±®
Mother-in-law,‡§π‡§®‡§∞
·±¶·±ü·±±·±ü·±®,Hanar
Iril Ku·∏çi,Husband's sister
‡§á‡§∞‡§ø‡§≤ ‡§ï‡•Å‡§°‡§º‡•Ä,·±§·±®·±§·±û ·±†·±©·±∞·±§
Iril Ku·∏çi,·±§·±®·±§·±û ·±†·±©·±∞·±§
Iril Ku·∏çi,‡§á‡§∞‡§ø‡§≤ ‡§ï‡•Å‡§°‡§º‡•Ä
·±§·±®·±§·±û ·±†·±©·±∞·±§,Husband's sister
Iril Ko·∏ça,Husband's younger brother
‡§á‡§∞‡§ø‡§≤ ‡§ï‡•ã‡§°‡§º‡§æ,·±§·±®·±§·±û ·±†·±ö·±∞·±ü
Iril Ko·∏ça,·±§·±®·±§·±û ·±†·±ö·±∞·±ü
Iril Ko·∏ça,‡§á‡§∞‡§ø‡§≤ ‡§ï‡•ã‡§°‡§º‡§æ
·±§·±®·±§·±û ·±†·±ö·±∞·±ü,Husband's younger brother
Bhatu,Brother-in-law
‡§≠‡§æ‡§ü‡•Ç,·±µ·±∑·±ü·±õ·±©
Bhatu,·±µ·±∑·±ü·±õ·±©
Bhatu,‡§≠‡§æ‡§ü‡•Ç
·±µ·±∑·±ü·±õ·±©,Brother-in-law
Epil,star
‡§à‡§™‡§ø‡§≤,·±Æ·±Ø·±§·±û
Epil,·±Æ·±Ø·±§·±û
Epil,‡§à‡§™‡§ø‡§≤
·±Æ·±Ø·±§·±û,star
Tusing,Wear
‡§§‡•Å‡•ç‡§∏‡§ø‡§Ç‡§ó, ·±¥·±©·±•·±©·±°
Tusing, ·±¥·±©·±•·±©·±°
Tusing,‡§§‡•Å‡•ç‡§∏‡§ø‡§Ç‡§ó
 ·±¥·±©·±•·±©·±°,Wear
chaha,Tea
‡§ö‡§π‡§æ,·±™·±ü·±¶·±ü
chaha,·±™·±ü·±¶·±ü
chaha,‡§ö‡§π‡§æ
·±™·±ü·±¶·±ü,Tea
Dola,Let's go
‡§¶‡•ã‡§≤‡§æ,·±∞·±≥·±û·±ü
Dola,·±∞·±≥·±û·±ü
Dola,‡§¶‡•ã‡§≤‡§æ
·±∞·±≥·±û·±ü,Let's go
jaldi pe,Hurry up
‡§ú‡§≤‡•ç‡§¶‡•Ä ‡§™‡•á,·±µ·±Æ·±û·±© ·±Ø·±Æ
jaldi pe,·±µ·±Æ·±û·±© ·±Ø·±Æ
jaldi pe,‡§ú‡§≤‡•ç‡§¶‡•Ä ‡§™‡•á
·±µ·±Æ·±û·±© ·±Ø·±Æ,Hurry up
liza,clothes
‡§≤‡§ø‡§ú‡§æ,·±û·±©·±õ·±ü
liza,·±û·±©·±õ·±ü
liza,‡§≤‡§ø‡§ú‡§æ
·±û·±©·±õ·±ü,clothes
Nirme,Run
‡§®‡§ø‡§∞‡•ç‡§Æ‡•á,·±±·±§·±®·±Æ
Nirme,·±±·±§·±®·±Æ
Nirme,‡§®‡§ø‡§∞‡•ç‡§Æ‡•á
·±±·±§·±®·±Æ,Run
Mandi,Rice
‡§Æ‡§£‡•ç‡§°‡•Ä,·±Æ·±±·±©·±û·±§
Mandi,·±Æ·±±·±©·±û·±§
Mandi,‡§Æ‡§£‡•ç‡§°‡•Ä
·±Æ·±±·±©·±û·±§,Rice
Sabeme,Catch / Hold
‡§∏‡§¨‡•á‡§Æ‡•á,·±•·±ü·±µ·±Æ·±¢·±Æ
Sabeme,·±•·±ü·±µ·±Æ·±¢·±Æ
Sabeme,‡§∏‡§¨‡•á‡§Æ‡•á
·±•·±ü·±µ·±Æ·±¢·±Æ,Catch / Hold
Karkad,brush
‡§ï‡§∞‡•ç‡§ï‡§¶,·±™·±ü·±®·±™·±ü·±õ
Karkad,·±™·±ü·±®·±™·±ü·±õ
Karkad,‡§ï‡§∞‡•ç‡§ï‡§¶
·±™·±ü·±®·±™·±ü·±õ,brush
durang,song
‡§¶‡•Å‡§∞‡§æ‡§Ç‡§ó,·±´·±©·±®·±ü·±ù
durang,·±´·±©·±®·±ü·±ù
durang,‡§¶‡•Å‡§∞‡§æ‡§Ç‡§ó
·±´·±©·±®·±ü·±ù,song
sirma,heaven
‡§∏‡§ø‡§∞‡•ç‡§Æ‡§æ,·±•·±§·±®·±¢·±ü
sirma,·±•·±§·±®·±¢·±ü
sirma,‡§∏‡§ø‡§∞‡•ç‡§Æ‡§æ
·±•·±§·±®·±¢·±ü,heaven
bonga,ghost / spirit
‡§¨‡•ã‡§ô‡•ç‡§ó‡§æ,·±µ·±ö·±ù·±ú·±ü
bonga,·±µ·±ö·±ù·±ú·±ü
bonga,‡§¨‡•ã‡§ô‡•ç‡§ó‡§æ
·±µ·±ö·±ù·±ú·±ü,ghost / spirit
baade,big
‡§¨‡§æ‡§°‡§º‡•á / ‡§¨‡§æ‡§°‡•á,·±µ·±ü·±ü·±´·±Æ
baade,·±µ·±ü·±ü·±´·±Æ
baade,‡§¨‡§æ‡§°‡§º‡•á / ‡§¨‡§æ‡§°‡•á
·±µ·±ü·±ü·±´·±Æ,big
marang,big / great / supreme
‡§Æ‡§∞‡§æ‡§Ç‡§ó,·±¢·±ü·±®·±ü·±ù
marang,·±¢·±ü·±®·±ü·±ù
marang,‡§Æ‡§∞‡§æ‡§Ç‡§ó
·±¢·±ü·±®·±ü·±ù,big / great / supreme
malhan,sem beans
‡§Æ‡§≤‡•ç‡§π‡§®,·±¢·±ü·±û·±¶·±ü·±±
malhan,·±¢·±ü·±û·±¶·±ü·±±
malhan,‡§Æ‡§≤‡•ç‡§π‡§®
·±¢·±ü·±û·±¶·±ü·±±,sem beans
kan·π≠ha·πõ,jackfruit
‡§ï‡§®‡§†‡§°‡§º,·±†·±ü·±±·±õ·±ü·±ù·±Ω
kan·π≠ha·πõ,·±†·±ü·±±·±õ·±ü·±ù·±Ω
kan·π≠ha·πõ,‡§ï‡§®‡§†‡§°‡§º
·±†·±ü·±±·±õ·±ü·±ù·±Ω,jackfruit
belati, tomato
‡§¨‡•á‡§≤‡§æ‡§§‡•Ä,·±µ·±Æ·±û·±ü·±¥·±§
belati,·±µ·±Æ·±û·±ü·±¥·±§
belati,‡§¨‡•á‡§≤‡§æ‡§§‡•Ä
·±µ·±Æ·±û·±ü·±¥·±§, tomato
sanga,sweet potato
‡§∏‡§Ç‡§ó‡§æ,·±•·±ü·±ú·±ü
sanga,·±•·±ü·±ú·±ü
sanga,‡§∏‡§Ç‡§ó‡§æ
·±•·±ü·±ú·±ü,sweet potato
matar,pea
‡§Æ‡§ü‡§∞,·±Ø·±ü·±õ·±ü·±®
matar,·±Ø·±ü·±õ·±ü·±®
matar,‡§Æ‡§ü‡§∞
·±Ø·±ü·±õ·±ü·±®,pea
gajar,carrot
‡§ó‡§æ‡§ú‡§∞,·±ú·±ü·±∂·±ü·±®
gajar,·±ú·±ü·±∂·±ü·±®
gajar,‡§ó‡§æ‡§ú‡§∞
·±ú·±ü·±∂·±ü·±®,carrot
simlamarchi,capsicum
‡§∏‡§ø‡§Æ‡§≤‡§Æ‡§∞‡•ç‡§ö‡•Ä,·±•·±§·±±·±û·±ü·±¢·±ü·±Ω·±™·±§
simlamarchi,·±•·±§·±±·±û·±ü·±¢·±ü·±Ω·±™·±§
simlamarchi,‡§∏‡§ø‡§Æ‡§≤‡§Æ‡§∞‡•ç‡§ö‡•Ä
·±•·±§·±±·±û·±ü·±¢·±ü·±Ω·±™·±§,capsicum
baha,flower
‡§¨‡§π‡§æ,·±µ·±ü·±¶·±ü
baha,·±µ·±ü·±¶·±ü
baha,‡§¨‡§π‡§æ
·±µ·±ü·±¶·±ü,flower
litchi,litchi
‡§≤‡§ø‡§ö‡•Ä,·±Æ·±±·±¥·±§·±™·±§
litchi,·±Æ·±±·±¥·±§·±™·±§
litchi,‡§≤‡§ø‡§ö‡•Ä
·±Æ·±±·±¥·±§·±™·±§,litchi
towa,milk
‡§§‡•ã‡§µ‡§æ,·±¥·±ö·±£·±ü
towa,·±¥·±ö·±£·±ü
towa,‡§§‡•ã‡§µ‡§æ
·±¥·±ö·±£·±ü,milk
akhrot,walnut
‡§Ö‡§ñ‡§∞‡•ã‡§ü,·±ü·±†·±∑·±®·±ö·±¥
akhrot,·±ü·±†·±∑·±®·±ö·±¥
akhrot,‡§Ö‡§ñ‡§∞‡•ã‡§ü
·±ü·±†·±∑·±®·±ö·±¥,walnut
kaju,cashew nut
‡§ï‡§æ‡§ú‡•Ç,·±†·±ü·±°·±©
kaju,·±†·±ü·±°·±©
kaju,‡§ï‡§æ‡§ú‡•Ç
·±†·±ü·±°·±©,cashew nut
raisins,kismish
‡§ï‡§ø‡§∏‡§Æ‡§ø‡§∂,·±†·±§·±•·±¢·±§·±•
raisins,·±†·±§·±•·±¢·±§·±•
raisins,‡§ï‡§ø‡§∏‡§Æ‡§ø‡§∂
·±†·±§·±•·±¢·±§·±•,kismish
angur,grapes
‡§Ö‡§Ç‡§ó‡•Å‡§∞,·±ü·±ù·±ú·±©·±®
angur,·±ü·±ù·±ú·±©·±®
angur,‡§Ö‡§Ç‡§ó‡•Å‡§∞
·±ü·±ù·±ú·±©·±®,grapes
meral,gooseberry
‡§Æ‡•á‡§∞‡§≤,·±¢·±Æ·±®·±ü·±û
meral,·±¢·±Æ·±®·±ü·±û
meral,‡§Æ‡•á‡§∞‡§≤
·±¢·±Æ·±®·±ü·±û,gooseberry
aanar,pomegranate
‡§Ö‡§®‡§æ‡§∞,·±ü·±±·±ü·±®
aanar,·±ü·±±·±ü·±®
aanar,‡§Ö‡§®‡§æ‡§∞
·±ü·±±·±ü·±®,pomegranate
santra,Orange
‡§∏‡§Ç‡§§‡§∞‡§æ,·±•·±ü·±±·±¥·±®·±ü
santra,·±•·±ü·±±·±¥·±®·±ü
santra,‡§∏‡§Ç‡§§‡§∞‡§æ
·±•·±ü·±±·±¥·±®·±ü,Orange
 sarifa,custard apple
‡§®‡•á‡§µ‡§æ,·±±·±Æ·±£·±ü
 sarifa,·±±·±Æ·±£·±ü
 sarifa,‡§®‡•á‡§µ‡§æ
·±±·±Æ·±£·±ü,custard apple
dodadi,Indian jujube
‡§¶‡•ã‡§¶‡§æ‡§°‡§º‡•Ä,·±´·±ö·±´·±ü·±´·±§
dodadi,·±´·±ö·±´·±ü·±´·±§
dodadi,‡§¶‡•ã‡§¶‡§æ‡§°‡§º‡•Ä
·±´·±ö·±´·±ü·±´·±§,Indian jujube
nawa,new
‡§®‡§µ‡§æ,·±±·±ü·±£·±ü
nawa,·±±·±ü·±£·±ü
nawa,‡§®‡§µ‡§æ
·±±·±ü·±£·±ü,new
pabita,papaya
‡§™‡§¨‡§ø‡§§‡§æ,·±Ø·±ü·±µ·±§·±õ·±ü
pabita,·±Ø·±ü·±µ·±§·±õ·±ü
pabita,‡§™‡§¨‡§ø‡§§‡§æ
·±Ø·±ü·±µ·±§·±õ·±ü,papaya
taka,money / paisa
‡§ü‡§æ‡§ï‡§æ,·±¥·±ü·±†·±ü
taka,·±¥·±ü·±†·±ü
taka,‡§ü‡§æ‡§ï‡§æ
·±¥·±ü·±†·±ü,money / paisa
kadal,banana
‡§ï‡§¶‡§≤,·±†·±ü·±´·±ü·±û
kadal,·±†·±ü·±´·±ü·±û
kadal,‡§ï‡§¶‡§≤
·±†·±ü·±´·±ü·±û,banana
uli,mango
‡§â‡§≤‡•Ä,·±©·±û·±§
uli,·±©·±û·±§
uli,‡§â‡§≤‡•Ä
·±©·±û·±§,mango
tarbuj,watermelon
‡§§‡§∞‡§¨‡•Ç‡§ú,·±¥·±ü·±®·±µ·±©·±°
tarbuj,·±¥·±ü·±®·±µ·±©·±°
tarbuj,‡§§‡§∞‡§¨‡•Ç‡§ú
·±¥·±ü·±®·±µ·±©·±°,watermelon
kadi,female buffalo
‡§ï‡§ô‡§ø,·±†·±ü·±´·±§
kadi,·±†·±ü·±´·±§
kadi,‡§ï‡§ô‡§ø
·±†·±ü·±´·±§,female buffalo
upal baha,lotus
‡§â‡§™‡§≤ ‡§¨‡§π‡§æ,·±©·±Ø·±ü·±ú ·±µ·±ü·±¶·±ü
upal baha,·±©·±Ø·±ü·±ú ·±µ·±ü·±¶·±ü
upal baha,‡§â‡§™‡§≤ ‡§¨‡§π‡§æ
·±©·±Ø·±ü·±ú ·±µ·±ü·±¶·±ü,lotus
tusing,to wear
‡§§‡•Å‡§∏‡§ø‡§Ç‡§ó,·±¥·±©·±•·±§·±ù
tusing,·±¥·±©·±•·±§·±ù
tusing,‡§§‡•Å‡§∏‡§ø‡§Ç‡§ó
·±¥·±©·±•·±§·±ù,to wear
baudaahi,baudaahi
‡§¨‡§â‡§°‡§æ‡§π‡•Ä,·±µ·±ü·±©·±´·±ü·±¶·±§
baudaahi,·±µ·±ü·±©·±´·±ü·±¶·±§
baudaahi,‡§¨‡§â‡§°‡§æ‡§π‡•Ä
·±µ·±ü·±©·±´·±ü·±¶·±§,baudaahi
aeger,to scold
‡§è‡•á‡§ó‡§∞,·±ü·±Æ·±ú·±Æ·±®
aeger,·±ü·±Æ·±ú·±Æ·±®
aeger,‡§è‡•á‡§ó‡§∞
·±ü·±Æ·±ú·±Æ·±®,to scold
urui,fever
‡§â‡§∞‡•Å‡§à,·±©·±®·±©·±≠
urui,·±©·±®·±©·±≠
urui,‡§â‡§∞‡•Å‡§à
·±©·±®·±©·±≠,fever
kaami,work
‡§ï‡§æ‡§Æ‡•Ä,·±†·±ü·±¢·±§
kaami,·±†·±ü·±¢·±§
kaami,‡§ï‡§æ‡§Æ‡•Ä
·±†·±ü·±¢·±§,work
jonoh,broom
‡§ú‡•ã‡§®‡•ã‡§π,·±°·±ö·±±·±ö·±¶
jonoh,·±°·±ö·±±·±ö·±¶
jonoh,‡§ú‡•ã‡§®‡•ã‡§π
·±°·±ö·±±·±ö·±¶,broom
fadha,kick
‡§´‡§º‡§¶‡§æ,·±Ø·±ü·±£·±∑·±ü
fadha,·±Ø·±ü·±£·±∑·±ü
fadha,‡§´‡§º‡§¶‡§æ
·±Ø·±ü·±£·±∑·±ü,kick
nuba,night
‡§®‡•Å‡§¨‡§æ,·±•·±©·±µ·±ü
nuba,·±•·±©·±µ·±ü
nuba,‡§®‡•Å‡§¨‡§æ
·±•·±©·±µ·±ü,night
train,train
‡§ü‡•ç‡§∞‡•á‡§®,·±¥·±Ω·±≠·±Ω·±Æ·±±
train,·±¥·±Ω·±≠·±Ω·±Æ·±±
train,‡§ü‡•ç‡§∞‡•á‡§®
·±¥·±Ω·±≠·±Ω·±Æ·±±,train
bakad,to talk
‡§¨‡§ï‡§°‡§º,·±µ·±ü·±†·±ü·±∞
bakad,·±µ·±ü·±†·±ü·±∞
bakad,‡§¨‡§ï‡§°‡§º
·±µ·±ü·±†·±ü·±∞,to talk
bus,bus
‡§¨‡§∏,·±µ·±©·±•
bus,·±µ·±©·±•
bus,‡§¨‡§∏
·±µ·±©·±•,bus
duwar,gate
‡§¶‡•Å‡§µ‡§æ‡§∞,·±¥·±©·±ü·±®
duwar,·±¥·±©·±ü·±®
duwar,‡§¶‡•Å‡§µ‡§æ‡§∞
·±¥·±©·±ü·±®,gate
khidki,window
‡§ñ‡§ø‡§°‡§º‡§ï‡•Ä,·±¨·±§·±∞·±§·±™·±§
khidki,·±¨·±§·±∞·±§·±™·±§
khidki,‡§ñ‡§ø‡§°‡§º‡§ï‡•Ä
·±¨·±§·±∞·±§·±™·±§,window
nete,here
‡§®‡•á‡§§‡•á,·±±·±Æ·±¥·±Æ
nete,·±±·±Æ·±¥·±Æ
nete,‡§®‡•á‡§§‡•á
·±±·±Æ·±¥·±Æ,here
hante,there
‡§π‡§æ‡§Ç‡§§‡•á,·±®·±ü·±¥·±Æ
hante,·±®·±ü·±¥·±Æ
hante,‡§π‡§æ‡§Ç‡§§‡•á
·±®·±ü·±¥·±Æ,there
kharpa,slipper
‡§ñ‡§∞‡§™‡§æ,·±¨·±∑·±ü·±≤·±ü
kharpa,·±¨·±∑·±ü·±≤·±ü
kharpa,‡§ñ‡§∞‡§™‡§æ
·±¨·±∑·±ü·±≤·±ü,slipper
denga,to help
‡§¶‡•á‡§Ç‡§ó‡§æ,·±¥·±Æ·±°·±ü
denga,·±¥·±Æ·±°·±ü
denga,‡§¶‡•á‡§Ç‡§ó‡§æ
·±¥·±Æ·±°·±ü,to help
apger,fight
‡§è‡§™‡§ó‡•á‡§∞,·±ü·±Ø·±ú·±Æ·±®
apger,·±ü·±Ø·±ú·±Æ·±®
apger,‡§è‡§™‡§ó‡•á‡§∞
·±ü·±Ø·±ú·±Æ·±®,fight
aasi,to ask for / to request
‡§Ü‡§∏‡§ø,·±ü·±Æ·±•·±§
aasi,·±ü·±Æ·±•·±§
aasi,‡§Ü‡§∏‡§ø
·±ü·±Æ·±•·±§,to ask for / to request
enda,to throw
‡§è‡§£‡•ç‡§°‡§æ,·±Æ·±±·±©·±õ·±ü
enda,·±Æ·±±·±©·±õ·±ü
enda,‡§è‡§£‡•ç‡§°‡§æ
·±Æ·±±·±©·±õ·±ü,to throw
kiring,to buy
‡§ï‡§ø‡§∞‡§ø‡§Ç‡§ó,·±™·±Æ·±®·±§·±ù
kiring,·±™·±Æ·±®·±§·±ù
kiring,‡§ï‡§ø‡§∞‡§ø‡§Ç‡§ó
·±™·±Æ·±®·±§·±ù,to buy
doho,to keep
‡§¶‡•ã‡§π‡•ã,·±¥·±ö·±ß·±ö
doho,·±¥·±ö·±ß·±ö
doho,‡§¶‡•ã‡§π‡•ã
·±¥·±ö·±ß·±ö,to keep
ring,mudam
‡§Æ‡•Å‡§¶‡§æ‡§Æ,·±¢·±©·±∞·±ü·±¢
ring,·±¢·±©·±∞·±ü·±¢
ring,‡§Æ‡•Å‡§¶‡§æ‡§Æ
·±¢·±©·±∞·±ü·±¢,mudam
sikdi,mosquito
‡§∏‡§ø‡§ï‡§°‡§º‡•Ä,·±•·±§·±†·±´·±§
sikdi,·±•·±§·±†·±´·±§
sikdi,‡§∏‡§ø‡§ï‡§°‡§º‡•Ä
·±•·±§·±†·±´·±§,mosquito
taincha,let it be / leave it
‡§§‡§æ‡§à‡§Ç‡§ö‡§æ,·±¥·±ü·±≠·±±·±™·±ü
taincha,·±¥·±ü·±≠·±±·±™·±ü
taincha,‡§§‡§æ‡§à‡§Ç‡§ö‡§æ
·±¥·±ü·±≠·±±·±™·±ü,let it be / leave it
bayar,rope
‡§¨‡§æ‡§Ø‡§∞,·±µ·±ü·±≠·±ü·±®
bayar,·±µ·±ü·±≠·±ü·±®
bayar,‡§¨‡§æ‡§Ø‡§∞
·±µ·±ü·±≠·±ü·±®,rope
sida,before
‡§∏‡§ø‡§¶‡§æ,·±•·±§·±´·±ü
sida,·±•·±§·±´·±ü
sida,‡§∏‡§ø‡§¶‡§æ
·±•·±§·±´·±ü,before
tayom,later
‡§§‡§æ‡§Ø‡•ã‡§Æ,·±¥·±ü·±≠·±ö·±¢
tayom,·±¥·±ü·±≠·±ö·±¢
tayom,‡§§‡§æ‡§Ø‡•ã‡§Æ
·±¥·±ü·±≠·±ö·±¢,later
honor,roam
‡§π‡•ã‡§®‡•ã‡§∞,·±¶·±ö·±±·±ö·±®
honor,·±¶·±ö·±±·±ö·±®
honor,‡§π‡•ã‡§®‡•ã‡§∞
·±¶·±ö·±±·±ö·±®,roam
hon,child
‡§π‡•ã‡§®,·±¶·±ö·±±
hon,·±¶·±ö·±±
hon,‡§π‡•ã‡§®
·±¶·±ö·±±,child
sekad,to be ready
‡§∏‡•á‡§ï‡§°‡§º,·±•·±Æ·±†·±ü·±´
sekad,·±•·±Æ·±†·±ü·±´
sekad,‡§∏‡•á‡§ï‡§°‡§º
·±•·±Æ·±†·±ü·±´,to be ready
tayaren pe,get ready 
‡§§‡§æ‡§Ø‡§æ‡§∞‡•á‡§® ‡§™‡•á,·±¥·±ü·±≠·±ü·±®·±Æ·±± ·±Ø·±Æ
tayaren pe,·±¥·±ü·±≠·±ü·±®·±Æ·±± ·±Ø·±Æ
tayaren pe,‡§§‡§æ‡§Ø‡§æ‡§∞‡•á‡§® ‡§™‡•á
·±¥·±ü·±≠·±ü·±®·±Æ·±± ·±Ø·±Æ,get ready 
duki,pee
‡§°‡•Å‡§ï‡•Ä,·±´·±©·±†·±§
duki,·±´·±©·±†·±§
duki,‡§°‡•Å‡§ï‡•Ä
·±´·±©·±†·±§,pee
usad,vomit
‡§â‡§∏‡§°,·±≤·±©·±•·±ü·±®
usad,·±≤·±©·±•·±ü·±®
usad,‡§â‡§∏‡§°
·±≤·±©·±•·±ü·±®,vomit
birid,get up
‡§¨‡§ø‡§∞‡§ø‡§¶,·±µ·±§·±≤·±§·±¥
birid,·±µ·±§·±≤·±§·±¥
birid,‡§¨‡§ø‡§∞‡§ø‡§¶
·±µ·±§·±≤·±§·±¥,get up
dudum,sleep
‡§¶‡•Å‡§°‡•Å‡§Æ,·±©·±¥·±©·±¢
dudum,·±©·±¥·±©·±¢
dudum,‡§¶‡•Å‡§°‡•Å‡§Æ
·±©·±¥·±©·±¢,sleep
sadi,to play (instrument)
‡§∏‡§æ‡§°‡•Ä,·±•·±ü·±∏·±§
sadi,·±•·±ü·±∏·±§
sadi,‡§∏‡§æ‡§°‡•Ä
·±•·±ü·±∏·±§,to play (instrument)
hoyo,air
‡§π‡•ã‡§Ø‡•ã,·±¶·±Æ·±¥·±ö
hoyo,·±¶·±Æ·±¥·±ö
hoyo,‡§π‡•ã‡§Ø‡•ã
·±¶·±Æ·±¥·±ö,air
hante alom sena,don't go there
‡§π‡§æ‡§Ç‡§§‡•á ‡§Ö‡§≤‡•ã‡§Æ ‡§∏‡•á‡§®‡§æ,·±¶·±ü·±¥·±Æ ·±ü·±û·±ö·±¢ ·±•·±Æ·±±·±ü
hante alom sena,·±¶·±ü·±¥·±Æ ·±ü·±û·±ö·±¢ ·±•·±Æ·±±·±ü
hante alom sena,‡§π‡§æ‡§Ç‡§§‡•á ‡§Ö‡§≤‡•ã‡§Æ ‡§∏‡•á‡§®‡§æ
·±¶·±ü·±¥·±Æ ·±ü·±û·±ö·±¢ ·±•·±Æ·±±·±ü,don't go there
gasik,fart
‡§ó‡§æ‡§∏‡§ø‡§ï,·±ú·±ü·±•·±§·±™
gasik,·±ú·±ü·±•·±§·±™
gasik,‡§ó‡§æ‡§∏‡§ø‡§ï
·±ú·±ü·±•·±§·±™,fart
chimin,how much
‡§ö‡•Ä‡§Æ‡§ø‡§®,·±™·±§·±¢·±§·±±
chimin,·±™·±§·±¢·±§·±±
chimin,‡§ö‡•Ä‡§Æ‡§ø‡§®
·±™·±§·±¢·±§·±±,how much
chimin taka,how many rupees
‡§ö‡•Ä‡§Æ‡§ø‡§® ‡§ü‡§æ‡§ï‡§æ,·±™·±§·±¢·±§·±± ·±ß·±ü·±™·±ü
chimin taka,·±™·±§·±¢·±§·±± ·±ß·±ü·±™·±ü
chimin taka,‡§ö‡•Ä‡§Æ‡§ø‡§® ‡§ü‡§æ‡§ï‡§æ
·±™·±§·±¢·±§·±± ·±ß·±ü·±™·±ü,how many rupees
alom sena,don't go 
‡§Ö‡§≤‡•ã‡§Æ ‡§∏‡•á‡§®‡§æ,·±ü·±û·±ö·±¢ ·±•·±Æ·±±·±ü
alom sena,·±ü·±û·±ö·±¢ ·±•·±Æ·±±·±ü
alom sena,‡§Ö‡§≤‡•ã‡§Æ ‡§∏‡•á‡§®‡§æ
·±ü·±û·±ö·±¢ ·±•·±Æ·±±·±ü,don't go 
kote,where
‡§ï‡•ã‡§§‡•á,·±§·±™·±Æ
kote,·±§·±™·±Æ
kote,‡§ï‡•ã‡§§‡•á
·±§·±™·±Æ,where
kote seno tanam?,where are you going?
‡§ï‡•ã‡§§‡•á ‡§∏‡•á‡§®‡•ã ‡§§‡§®‡§æ‡§Æ?,·±§·±™·±Æ ·±•·±Æ·±±·±ö ·±¥·±ü·±±·±ü·±¢?
kote seno tanam?,·±§·±™·±Æ ·±•·±Æ·±±·±ö ·±¥·±ü·±±·±ü·±¢?
kote seno tanam?,‡§ï‡•ã‡§§‡•á ‡§∏‡•á‡§®‡•ã ‡§§‡§®‡§æ‡§Æ?
·±§·±™·±Æ ·±•·±Æ·±±·±ö ·±¥·±ü·±±·±ü·±¢?,where are you going?
aam mandi jom kedam,Did you eat food?
‡§Ü‡§Æ ‡§Æ‡§Ç‡§°‡•Ä ‡§ú‡•ã‡§Æ ‡§ï‡•á‡§¶‡§æ‡§Æ?,·±ü·±©·±ú ·±¢·±ü·±±·±© ·±ñ·±ö·±¢ ·±¥·±Æ·±ò·±ü·±¢?
aam mandi jom kedam,·±ü·±©·±ú ·±¢·±ü·±±·±© ·±ñ·±ö·±¢ ·±¥·±Æ·±ò·±ü·±¢?
aam mandi jom kedam,‡§Ü‡§Æ ‡§Æ‡§Ç‡§°‡•Ä ‡§ú‡•ã‡§Æ ‡§ï‡•á‡§¶‡§æ‡§Æ?
·±ü·±©·±ú ·±¢·±ü·±±·±© ·±ñ·±ö·±¢ ·±¥·±Æ·±ò·±ü·±¢?,Did you eat food?
jarika,Just like that
‡§ú‡§∞‡•Ä‡§ï‡§æ,·±µ·±ü·±∑·±§·±™·±ü
jarika,·±µ·±ü·±∑·±§·±™·±ü
jarika,‡§ú‡§∞‡•Ä‡§ï‡§æ
·±µ·±ü·±∑·±§·±™·±ü,Just like that
riding,forget
‡§∞‡§ø‡§°‡§ø‡§Ç‡§ó,·±®·±§·±´·±§·±ù
riding,·±®·±§·±´·±§·±ù
riding,‡§∞‡§ø‡§°‡§ø‡§Ç‡§ó
·±®·±§·±´·±§·±ù,forget
peda	,guest
‡§™‡•á‡§°‡§æ,·±Ø·±Æ·±´·±ü
peda	,·±Ø·±Æ·±´·±ü
peda	,‡§™‡•á‡§°‡§æ
·±Ø·±Æ·±´·±ü,guest
eskar,alone
‡§è‡§∏‡•ç‡§ï‡§∞,·±Æ·±•·±†·±ü·±®
eskar,·±Æ·±•·±†·±ü·±®
eskar,‡§è‡§∏‡•ç‡§ï‡§∞
·±Æ·±•·±†·±ü·±®,alone
saree,saree
‡§∏‡§æ‡§°‡§º‡•Ä,·±•·±ü·±®·±§
saree,·±•·±ü·±®·±§
saree,‡§∏‡§æ‡§°‡§º‡•Ä
·±•·±ü·±®·±§,saree
bhida,I will hit you 
‡§≠‡•Ä‡§°‡§º‡§æ,·±µ·±∑·±§·±´·±ü
bhida,·±µ·±∑·±§·±´·±ü
bhida,‡§≠‡•Ä‡§°‡§º‡§æ
·±µ·±∑·±§·±´·±ü,I will hit you 
Nam kedam?,Did you get it?
‡§®‡§Æ ‡§ï‡•á‡§¶‡§æ‡§Æ?,·±±·±ü·±¢ ·±†·±Æ·±´·±ü·±¢?
Nam kedam?,·±±·±ü·±¢ ·±†·±Æ·±´·±ü·±¢?
Nam kedam?,‡§®‡§Æ ‡§ï‡•á‡§¶‡§æ‡§Æ?
·±±·±ü·±¢ ·±†·±Æ·±´·±ü·±¢?,Did you get it?
nel kedam?,Did you see it?
‡§®‡•á‡§≤ ‡§ï‡•á‡§¶‡§æ‡§Æ?,·±±·±Æ·±û ·±†·±Æ·±´·±ü·±¢?
nel kedam?,·±±·±Æ·±û ·±†·±Æ·±´·±ü·±¢?
nel kedam?,‡§®‡•á‡§≤ ‡§ï‡•á‡§¶‡§æ‡§Æ?
·±±·±Æ·±û ·±†·±Æ·±´·±ü·±¢?,Did you see it?
jom tam,eat it
‡§ú‡•ã‡§Æ ‡§§‡§Æ,·±à·±ö·±¢ ·±¢·±ü·±¢
jom tam,·±à·±ö·±¢ ·±¢·±ü·±¢
jom tam,‡§ú‡•ã‡§Æ ‡§§‡§Æ
·±à·±ö·±¢ ·±¢·±ü·±¢,eat it
sesen,Walking
‡§∏‡•á‡§∏‡§®,·±•·±Æ·±•·±Æ·±±
sesen,·±•·±Æ·±•·±Æ·±±
sesen,‡§∏‡•á‡§∏‡§®
·±•·±Æ·±•·±Æ·±±,Walking
hiju,come
‡§π‡§ø‡§ú‡•Å,·±¶·±§·±∂·±©
hiju,·±¶·±§·±∂·±©
hiju,‡§π‡§ø‡§ú‡•Å
·±¶·±§·±∂·±©,come
pente,pant
‡§™‡•á‡§Ç‡§ü‡•á,·±Ø·±Æ·±±·±¥·±Æ
pente,·±Ø·±Æ·±±·±¥·±Æ
pente,‡§™‡•á‡§Ç‡§ü‡•á
·±Ø·±Æ·±±·±¥·±Æ,pant
okon hora te seno tanam, Which way are you going?
‡§ì‡§ï‡•â‡§® ‡§π‡•ã‡§∞‡§æ ‡§§‡•á ‡§∏‡•á‡§®‡•ã ‡§§‡§®‡§Æ,·±ö·±†·±ö·±± ·±¶·±ö·±®·±ü ·±¥·±Æ ·±•·±Æ·±±·±ö ·±¥·±ü·±±·±ü·±¢
okon hora te seno tanam,·±ö·±†·±ö·±± ·±¶·±ö·±®·±ü ·±¥·±Æ ·±•·±Æ·±±·±ö ·±¥·±ü·±±·±ü·±¢
okon hora te seno tanam,‡§ì‡§ï‡•â‡§® ‡§π‡•ã‡§∞‡§æ ‡§§‡•á ‡§∏‡•á‡§®‡•ã ‡§§‡§®‡§Æ
·±ö·±†·±ö·±± ·±¶·±ö·±®·±ü ·±¥·±Æ ·±•·±Æ·±±·±ö ·±¥·±ü·±±·±ü·±¢, Which way are you going?
odong,To go out / Exit
‡§ì‡§°‡•ã‡§Ç‡§ó,·±≥·±∞·±ö·±ù
odong,·±≥·±∞·±ö·±ù
odong,‡§ì‡§°‡•ã‡§Ç‡§ó
·±≥·±∞·±ö·±ù,To go out / Exit
sitru,Dirty
‡§∏‡§ø‡§§‡•ç‡§∞‡•Å,·±•·±§·±¥·±Ω·±®·±©
sitru,·±•·±§·±¥·±Ω·±®·±©
sitru,‡§∏‡§ø‡§§‡•ç‡§∞‡•Å
·±•·±§·±¥·±Ω·±®·±©,Dirty
phereg,Fill / Overflow
‡§´‡•á‡§∞‡•á‡§ó,·±Ø·±∑·±Æ·±®·±Æ·±ú
phereg,·±Ø·±∑·±Æ·±®·±Æ·±ú
phereg,‡§´‡•á‡§∞‡•á‡§ó
·±Ø·±∑·±Æ·±®·±Æ·±ú,Fill / Overflow
Dela chai nute senoyabu,Let's go for a cup of tea
‡§¶‡•á‡§≤‡§æ ‡§ö‡§æ‡§à ‡§®‡•Å‡§§‡•á ‡§∏‡•á‡§®‡•ã‡§Ø‡§æ‡§¨‡•Å,·±û·±Æ·±û·±ü ·±™·±ü·±≠ ·±®·±©·±¥·±Æ ·±®·±©·±õ·±ü ·±®·±Æ·±¶·±Æ·±π ·±Ø·±ü·±û·±ü ·±•·±Æ·±±·±ö·±≠·±ü·±É·±©
Dela chai nute senoyabu,·±û·±Æ·±û·±ü ·±™·±ü·±≠ ·±®·±©·±¥·±Æ ·±®·±©·±õ·±ü ·±®·±Æ·±¶·±Æ·±π ·±Ø·±ü·±û·±ü ·±•·±Æ·±±·±ö·±≠·±ü·±É·±©
Dela chai nute senoyabu,‡§¶‡•á‡§≤‡§æ ‡§ö‡§æ‡§à ‡§®‡•Å‡§§‡•á ‡§∏‡•á‡§®‡•ã‡§Ø‡§æ‡§¨‡•Å
·±û·±Æ·±û·±ü ·±™·±ü·±≠ ·±®·±©·±¥·±Æ ·±®·±©·±õ·±ü ·±®·±Æ·±¶·±Æ·±π ·±Ø·±ü·±û·±ü ·±•·±Æ·±±·±ö·±≠·±ü·±É·±©,Let's go for a cup of tea
atkar,Feel
‡§Ö‡§ü‡§ï‡§∞,·±ü·±¥·±©·±®
atkar,·±ü·±¥·±©·±®
atkar,‡§Ö‡§ü‡§ï‡§∞
·±ü·±¥·±©·±®,Feel
Jutik,touch 
‡§ú‡•Å‡§ü‡§ø‡§ï,·±°·±©·±¥·±§·±†
Jutik,·±°·±©·±¥·±§·±†
Jutik,‡§ú‡•Å‡§ü‡§ø‡§ï
·±°·±©·±¥·±§·±†,touch 
biyur,Wandering
‡§¨‡§ø‡§Ø‡•Å‡§∞,·±µ·±§·±≠·±©·±®
biyur,·±µ·±§·±≠·±©·±®
biyur,‡§¨‡§ø‡§Ø‡•Å‡§∞
·±µ·±§·±≠·±©·±®,Wandering
hade me,cut it
‡§π‡§¶‡•á ‡§Æ‡•á,·±¶·±ü·±´·±Æ ·±¢·±Æ
hade me,·±¶·±ü·±´·±Æ ·±¢·±Æ
hade me,‡§π‡§¶‡•á ‡§Æ‡•á
·±¶·±ü·±´·±Æ ·±¢·±Æ,cut it
chimin maza nelo tanam,How good you are looking
‡§ö‡§ø‡§Æ‡§ø‡§® ‡§Æ‡•õ‡§æ ‡§®‡•á‡§≤‡•ã ‡§§‡§®‡§Æ,·±™·±§·±¢·±§·±± ·±¢·±ü·±°·±ü ·±±·±Æ·±û·±ö ·±¥·±ü·±±·±ü·±¢
chimin maza nelo tanam,·±™·±§·±¢·±§·±± ·±¢·±ü·±°·±ü ·±±·±Æ·±û·±ö ·±¥·±ü·±±·±ü·±¢
chimin maza nelo tanam,‡§ö‡§ø‡§Æ‡§ø‡§® ‡§Æ‡•õ‡§æ ‡§®‡•á‡§≤‡•ã ‡§§‡§®‡§Æ
·±™·±§·±¢·±§·±± ·±¢·±ü·±°·±ü ·±±·±Æ·±û·±ö ·±¥·±ü·±±·±ü·±¢,How good you are looking
seter,Reach
‡§∏‡•á‡§ü‡§∞,·±•·±Æ·±¥·±Æ·±®
seter,·±•·±Æ·±¥·±Æ·±®
seter,‡§∏‡•á‡§ü‡§∞
·±•·±Æ·±¥·±Æ·±®,Reach
gota nida,Whole night
‡§ó‡•ã‡§ü‡§æ ‡§®‡§ø‡§¶‡§æ,·±ú·±ö·±¥·±ü ·±±·±§·±∞·±ü
gota nida,·±ú·±ö·±¥·±ü ·±±·±§·±∞·±ü
gota nida,‡§ó‡•ã‡§ü‡§æ ‡§®‡§ø‡§¶‡§æ
·±ú·±ö·±¥·±ü ·±±·±§·±∞·±ü,Whole night
nam keda?,Got it? / Found it?
‡§®‡§æ‡§Æ ‡§ï‡•á‡§¶‡§æ?,·±±·±ü·±¢ ·±†·±Æ·±´·±ü?
nam keda?,·±±·±ü·±¢ ·±†·±Æ·±´·±ü?
nam keda?,‡§®‡§æ‡§Æ ‡§ï‡•á‡§¶‡§æ?
·±±·±ü·±¢ ·±†·±Æ·±´·±ü?,Got it? / Found it?
nam,found
‡§®‡§æ‡§Æ,·±±·±ü·±¢
nam,·±±·±ü·±¢
nam,‡§®‡§æ‡§Æ
·±±·±ü·±¢,found
chaba,Finished / Ended
‡§õ‡§æ‡§¨‡§æ,·±™·±∑·±ü·±µ·±ü
chaba,·±™·±∑·±ü·±µ·±ü
chaba,‡§õ‡§æ‡§¨‡§æ
·±™·±∑·±ü·±µ·±ü,Finished / Ended
mandi do chaba jana?,Has the food finished?
‡§Æ‡§Ç‡§°‡§º‡•Ä ‡§¶‡•ã ‡§õ‡§æ‡§¨‡§æ ‡§ú‡§æ‡§®‡§æ?,·±¢·±ü·±±·±§ ·±© ·±™·±∑·±ü·±µ·±ü ·±°·±ü·±±·±ü?
mandi do chaba jana?,·±¢·±ü·±±·±§ ·±© ·±™·±∑·±ü·±µ·±ü ·±°·±ü·±±·±ü?
mandi do chaba jana?,‡§Æ‡§Ç‡§°‡§º‡•Ä ‡§¶‡•ã ‡§õ‡§æ‡§¨‡§æ ‡§ú‡§æ‡§®‡§æ?
·±¢·±ü·±±·±§ ·±© ·±™·±∑·±ü·±µ·±ü ·±°·±ü·±±·±ü?,Has the food finished?
aaing mandi bai tanaing,I am cooking food
‡§Ü‡§à‡§Ç ‡§Æ‡§Ç‡§°‡§º‡•Ä ‡§¨‡§æ‡§à ‡§§‡§æ‡§®‡§æ‡§á‡§Ç,·±ü·±ü·±∑·±§·±ù ·±¢·±ü·±±·±§ ·±û·±ü·±≠ ·±¥·±ü·±±·±ü·±ù·±§
aaing mandi bai tanaing,·±ü·±ü·±∑·±§·±ù ·±¢·±ü·±±·±§ ·±û·±ü·±≠ ·±¥·±ü·±±·±ü·±ù·±§
aaing mandi bai tanaing,‡§Ü‡§à‡§Ç ‡§Æ‡§Ç‡§°‡§º‡•Ä ‡§¨‡§æ‡§à ‡§§‡§æ‡§®‡§æ‡§á‡§Ç
·±ü·±ü·±∑·±§·±ù ·±¢·±ü·±±·±§ ·±û·±ü·±≠ ·±¥·±ü·±±·±ü·±ù·±§,I am cooking food
ocho,Don't do it
‡§ì‡§ö‡•ã,·±ö·±™·±ö
ocho,·±ö·±™·±ö
ocho,‡§ì‡§ö‡•ã
·±ö·±™·±ö,Don't do it
